Pokemon,Pokedex,Living ,Shiny,100%,Lucky,XXL,XXS,Mega,Dynamax,Gigantamax,Shadow,Purified,,,,
Missing:,1012,1012,955,947,948,948,948,52,154,28,489,494,0,99,1092,
KANTO,,,,,,,,,,,,,,99,,
1 Bulbasaur,,,,,,,,-,,-,,,-,8,,1
2 Ivysaur,,,,,,,,-,,-,,,-,8,,2
3 Venusaur,,,,,,,,,,,,,-,9,,3
4 Charmander,,,,,,,,-,,-,,,-,8,,4
5 Charmeleon,,,,,,,,-,,-,,,-,8,,5
6 Charizard,,,,,,,,,,,,,-,9,,6
7 Squirtle,,,,,,,,-,,-,,,-,8,,7
8 Wartortle,,,,,,,,-,,-,,,-,8,,8
9 Blastoise,,,,,,,,,,,,,-,9,,9
10 Caterpie,,,,,,,,-,,-,,,-,8,,10
11 Metapod,,,,,,,,-,,-,,,-,8,,11
12 Butterfree,,,,,,,,,,,,,-,9,,
13 Weedle,,,,,,,,-,-,-,,,-,7,,
14 Kakuna,,,,,,,,-,-,-,,,-,7,,
15 Beedrill,,,,,,,,,-,-,,,-,8,,
16 Pidgey,,,,,,,,-,-,-,,,-,7,,
17 Pidgeotto,,,,,,,,-,-,-,,,-,7,,
18 Pidgeot,,,,,,,,-,-,-,,,-,7,,
19 Rattata,,,,,,,,-,-,-,,,-,7,,
Alolan,,,,-,-,-,-,-,-,-,-,-,-,3,,
20 Raticate,,,,,,,,-,-,-,,,-,7,,
Alolan,,,,-,-,-,-,-,-,-,-,-,-,3,,
21 Spearow,,,,,,,,-,-,-,,,-,7,,
22 Fearow,,,,,,,,-,-,-,,,-,7,,
23 Ekans,,,,,,,,-,-,-,,,-,7,,
24 Arbok,,,,,,,,-,-,-,,,-,7,,
25 Pikachu,,,,,,,,-,,,-,-,-,8,,
26 Raichu,,,,,,,,-,,-,-,-,-,8,,
Alolan,,,,-,-,-,-,-,-,-,-,-,-,3,,
27 Sandshrew,,,,,,,,-,-,-,,,-,7,,
Alolan,,,,-,-,-,-,-,-,-,-,-,-,3,,
28 Sandslash,,,,,,,,-,-,-,,,-,7,,
Alolan,,,,-,-,-,-,-,-,-,-,-,-,3,,
29 Nidoran (F),,,,,,,,-,-,-,,,-,7,,
30 Nidorina,,,,,,,,-,-,-,,,-,7,,
31 Nidoqueen,,,,,,,,-,-,-,,,-,7,,
32 Nidoran (M),,,,,,,,-,-,-,,,-,7,,
33 Nidorino,,,,,,,,-,-,-,,,-,7,,
34 Nidoking,,,,,,,,-,-,-,,,-,7,,
35 Clefairy,,,,,,,,-,-,-,-,-,-,7,,
36 Clefable,,,,,,,,-,-,-,-,-,-,7,,
37 Vulpix,,,,,,,,-,-,-,,,-,7,,
Alolan,,,,-,-,-,-,-,-,-,-,-,-,3,,
38 Ninetales,,,,,,,,-,-,-,,,-,7,,
Alolan,,,,-,-,-,-,-,-,-,-,-,-,3,,
39 Jigglypuff,,,,,,,,-,-,-,-,-,-,7,,
40 Wigglytuff,,,,,,,,-,-,-,-,-,-,7,,
41 Zubat,,,,,,,,-,-,-,,,-,7,,
42 Golbat,,,,,,,,-,-,-,,,-,7,,
43 Oddish,,,,,,,,-,-,-,,,-,7,,
44 Gloom,,,,,,,,-,-,-,,,-,7,,
45 Vileplume,,,,,,,,-,-,-,,,-,7,,
46 Paras,,,,,,,,-,-,-,,,-,7,,
47 Parasect,,,,,,,,-,-,-,,,-,7,,
48 Venonat,,,,,,,,-,-,-,,,-,7,,
49 Venomoth,,,,,,,,-,-,-,,,-,7,,
50 Diglett,,,,,,,,-,-,-,,,-,7,,
Alolan,,,,-,-,-,-,-,-,-,-,-,-,3,,
51 Dugtrio,,,,,,,,-,-,-,,,-,7,,
Alolan,,,,-,-,-,-,-,-,-,-,-,-,3,,
52 Meowth,,,,,,,,-,-,,,,-,7,,
Alolan,,,,-,-,-,-,-,-,-,-,-,-,3,,
Galarian,,,,-,-,-,-,-,-,-,-,-,-,3,,
53 Persian,,,,,,,,-,-,-,,,-,7,,
Alolan,,,,-,-,-,-,-,-,-,-,-,-,3,,
Galarian,,,,-,-,-,-,-,-,-,-,-,-,3,,
54 Psyduck,,,,,,,,-,-,-,,,-,7,,
55 Golduck,,,,,,,,-,-,-,,,-,7,,
56 Mankey,,,,,,,,-,-,-,,,-,7,,
57 Primeape,,,,,,,,-,-,-,,,-,7,,
58 Growlithe,,,,,,,,-,,-,,,-,8,,
Hisuian,,,,-,-,-,-,-,-,-,-,-,-,3,,
59 Arcanine,,,,,,,,-,,-,,,-,8,,
Hisuian,,,,-,-,-,-,-,-,-,-,-,-,3,,
60 Poliwag,,,,,,,,-,,-,,,-,8,,
61 Poliwhirl,,,,,,,,-,,-,,,-,8,,
62 Poliwrath,,,,,,,,-,,-,,,-,8,,
63 Abra,,,,,,,,-,,-,,,-,8,,
64 Kadabra,,,,,,,,-,,-,,,-,8,,
65 Alakazam,,,,,,,,,,-,,,-,9,,
66 Machop,,,,,,,,-,,-,,,-,8,,
67 Machoke,,,,,,,,-,,-,,,-,8,,
68 Machamp,,,,,,,,-,,,,,-,8,,
69 Bellsprout,,,,,,,,-,,-,,,-,8,,
70 Weepinbell,,,,,,,,-,,-,,,-,8,,
71 Victreebel,,,,,,,,,,-,,,-,9,,
72 Tentacool,,,,,,,,-,,-,,,-,8,,
73 Tentacruel,,,,,,,,-,,-,,,-,8,,
74 Geodude,,,,,,,,-,,-,,,-,8,,
Alolan,,,,-,-,-,-,-,-,-,-,-,-,3,,
75 Graveler,,,,,,,,-,,-,,,-,8,,
Alolan,,,,-,-,-,-,-,-,-,-,-,-,3,,
76 Golem,,,,,,,,-,,-,,,-,8,,
Alolan,,,,-,-,-,-,-,-,-,-,-,-,3,,
77 Ponyta,,,,,,,,-,,-,,,-,8,,
Galarian,,,,-,-,-,-,-,-,-,-,-,-,3,,
78 Rapidash,,,,,,,,-,,-,,,-,8,,
Galarian,,,,-,-,-,-,-,-,-,-,-,-,3,,
79 Slowpoke,,,,,,,,-,,-,,,-,8,,
Galarian,,,,-,-,-,-,-,-,-,-,-,-,3,,
80 Slowbro,,,,,,,,,,-,,,-,9,,
Galarian,,,,-,-,-,-,-,-,-,-,-,-,3,,
81 Magnemite,,,,,,,,-,,-,,,-,8,,
82 Magneton,,,,,,,,-,,-,,,-,8,,
83 Farfetch’d,,,,,,,,-,,-,-,,-,8,,
Galarian,,,,-,-,-,-,-,-,-,-,-,-,3,,
84 Doduo,,,,,,,,-,,-,-,,-,8,,
85 Dodrio,,,,,,,,-,,-,-,,-,8,,
86 Seel,,,,,,,,-,,-,,,-,8,,
87 Dewgong,,,,,,,,-,,-,,,-,8,,
88 Grimer,,,,,,,,-,,-,,,-,8,,
Galarian,,,,-,-,-,-,-,-,-,-,-,-,3,,
89 Muk,,,,,,,,-,,-,,,-,8,,
Galarian,,,,-,-,-,-,-,,-,-,-,-,4,,
90 Shellder,,,,,,,,-,,-,,,-,8,,
91 Cloyster,,,,,,,,-,,-,,,-,8,,
92 Gastly,,,,,,,,-,,-,,,-,8,,
93 Haunter,,,,,,,,-,,-,,,-,8,,
94 Gengar,,,,,,,,,,,,,-,9,,
95 Onix,,,,,,,,-,,-,,,-,8,,
96 Drowzee,,,,,,,,-,,-,,,-,8,,
97 Hypno,,,,,,,,-,,-,,,-,8,,
98 Krabby,,,,,,,,-,,-,,,-,8,,
99 Kingler,,,,,,,,-,,,,,-,8,,
100 Voltorb,,,,,,,,-,-,-,,,-,7,,
Hisuian,,,,-,-,-,-,-,-,-,-,-,-,3,,
101 Electrode,,,,,,,,-,-,-,,,-,7,,
Hisuian,,,,-,-,-,-,-,-,-,-,-,-,3,,
102 Exeggcute,,,,,,,,-,-,-,,,-,7,,
103 Exeggutor,,,,,,,,-,-,-,,,-,7,,
Alolan,,,,-,-,-,-,-,-,-,-,-,-,3,,
104 Cubone,,,,,,,,-,-,-,,,-,7,,
105 Marowak,,,,,,,,-,-,-,,,-,7,,
Alolan,,,,-,-,-,-,-,-,-,-,-,-,3,,
106 Hitmonlee,,,,,,,,-,,-,,,-,8,,
107 Hitmonchan,,,,,,,,-,,-,,,-,8,,
108 Lickitung,,,,,,,,-,-,-,,,-,7,,
109 Koffing,,,,,,,,-,-,-,,,-,7,,
110 Weezing,,,,,,,,-,-,-,,,-,7,,
Galarian,,,,-,-,-,-,-,-,-,-,-,-,3,,
111 Rhyhorn,,,,,,,,-,-,-,,,-,7,,
112 Rhydon,,,,,,,,-,-,-,,,-,7,,
113 Chansey,,,,,,,,-,,-,,,-,8,,
114 Tangela,,,,,,,,-,,-,,,-,8,,
115 Kangaskhan,,,,,,,,-,-,-,,,-,7,,
116 Horsea,,,,,,,,-,-,-,,,-,7,,
117 Seadra,,,,,,,,-,-,-,,,-,7,,
118 Goldeen,,,,,,,,-,-,-,-,-,-,7,,
119 Seaking,,,,,,,,-,-,-,-,-,-,7,,
120 Staryu,,,,,,,,-,-,-,,,-,7,,
121 Starmie,,,,,,,,-,-,-,,,-,7,,
122 Mr. Mime,,,,,,,,-,-,-,-,-,-,7,,
Galarian,,,,-,-,-,-,-,-,-,-,-,-,3,,
123 Scyther,,,,,,,,-,-,-,,,-,7,,
124 Jynx,,,,,,,,-,-,-,-,-,-,7,,
125 Electabuzz,,,,,,,,-,,-,,,-,8,,
126 Magmar,,,,,,,,-,-,-,,,-,7,,
127 Pinsir,,,,,,,,,-,-,,,-,8,,
128 Tauros,,,,,,,,-,-,-,-,-,-,7,,
Paldean(Fight),,,,-,-,-,-,-,-,-,-,-,-,3,,
Paldean(Water),,,,-,-,-,-,-,-,-,-,-,-,3,,
Paldean(Fire),,,,-,-,-,-,-,-,-,-,-,-,3,,
129 Magikarp,,,,,,,,-,,-,,,-,8,,
130 Gyarados,,,,,,,,,,-,,,-,9,,
131 Lapras,,,,,,,,-,-,,,,-,7,,
132 Ditto,,,,,,,,-,-,-,-,-,-,7,,
133 Eevee,,,,,,,,-,,,-,-,-,8,,
134 Vaporeon,,,,,,,,-,,-,-,-,-,8,,
135 Jolteon,,,,,,,,-,,-,-,-,-,8,,
136 Flareon,,,,,,,,-,,-,-,-,-,8,,
137 Porygon,,,,,,,,-,-,-,,,-,7,,
138 Omanyte,,,,,,,,-,,-,,,-,8,,
139 Omastar,,,,,,,,-,,-,,,-,8,,
140 Kabuto,,,,,,,,-,,-,-,-,-,8,,
141 Kabutops,,,,,,,,-,,-,-,-,-,8,,
142 Aerodactyl,,,,,,,,,-,-,,,-,8,,
143 Snorlax,,,,,,,,-,-,,,,-,7,,
144 Articuno,,,,,,,,-,,-,,,-,8,,
Galarian,,,,-,-,-,-,-,-,-,-,-,-,3,,
145 Zapdos,,,,,,,,-,,-,,,-,8,,
Galarian,,,,-,-,-,-,-,-,-,-,-,-,3,,
146 Moltres,,,,,,,,-,,-,,,-,8,,
Galarian,,,,-,-,-,-,-,-,-,-,-,-,3,,
147 Dratini,,,,,,,,-,-,-,,,-,7,,
148 Dragonair,,,,,,,,-,-,-,,,-,7,,
149 Dragonite,,,,,,,,,-,-,,,-,8,,
150 Mewtwo,,,,,,,,-,-,-,,,-,7,,
151 Mew,,,,,,,,-,-,-,-,-,-,7,,
JOHTO,,,,,,,,,,,,,,99,,
152 Chikorita,,,,,,,,-,-,-,,,-,7,,
153 Bayleef,,,,,,,,-,-,-,,,-,7,,
154 Meganium,,,,,,,,-,-,-,,,-,7,,
155 Cyndaquil,,,,,,,,-,-,-,,,-,7,,
156 Quilava,,,,,,,,-,-,-,,,-,7,,
157 Typhlosion,,,,,,,,-,-,-,,,-,7,,
Hisuian,,,,-,-,-,-,-,-,-,-,-,-,3,,
158 Totodile,,,,,,,,-,-,-,,,-,7,,
159 Croconaw,,,,,,,,-,-,-,,,-,7,,
160 Feraligatr,,,,,,,,-,-,-,,,-,7,,
161 Sentret,,,,,,,,-,-,-,-,-,-,7,,
162 Furret,,,,,,,,-,-,-,-,-,-,7,,
163 Hoothoot,,,,,,,,-,,-,,,-,8,,
164 Noctowl,,,,,,,,-,,-,,,-,8,,
165 Ledyba,,,,,,,,-,-,-,,,-,7,,
166 Ledian,,,,,,,,-,-,-,,,-,7,,
167 Spinarak,,,,,,,,-,-,-,-,-,-,7,,
168 Ariados,,,,,,,,-,-,-,-,-,-,7,,
169 Crobat,,,,,,,,-,-,-,,,-,7,,
170 Chinchou,,,,,,,,-,-,-,-,-,-,7,,
171 Lanturn,,,,,,,,-,-,-,-,-,-,7,,
172 Pichu,,,,,,,,-,-,-,-,-,-,7,,
173 Cleffa,,,,,,,,-,-,-,-,-,-,7,,
174 Igglybuff,,,,,,,,-,-,-,-,-,-,7,,
175 Togepi,,,,,,,,-,-,-,-,-,-,7,,
176 Togetic,,,,,,,,-,-,-,-,-,-,7,,
177 Natu,,,,,,,,-,-,-,,,-,7,,
178 Xatu,,,,,,,,-,-,-,,,-,7,,
179 Mareep,,,,,,,,-,-,-,,,-,7,,
180 Flaaffy,,,,,,,,-,-,-,,,-,7,,
181 Ampharos,,,,,,,,,-,-,,,-,8,,
182 Bellossom,,,,,,,,-,-,-,,,-,7,,
183 Marill,,,,,,,,-,-,-,-,-,-,7,,
184 Azumarill,,,,,,,,-,-,-,-,-,-,7,,
185 Sudowoodo,,,,,,,,-,-,-,,,-,7,,
186 Politoed,,,,,,,,-,-,-,,,-,7,,
187 Hoppip,,,,,,,,-,-,-,,,-,7,,
188 Skiploom,,,,,,,,-,-,-,,,-,7,,
189 Jumpluff,,,,,,,,-,-,-,,,-,7,,
190 Aipom,,,,,,,,-,-,-,,,-,7,,
191 Sunkern,,,,,,,,-,-,-,-,-,-,7,,
192 Sunflora,,,,,,,,-,-,-,-,-,-,7,,
193 Yanma,,,,,,,,-,-,-,-,-,-,7,,
194 Wooper,,,,,,,,-,-,-,,,-,7,,
Paldean,,,,-,-,-,-,-,-,-,-,-,-,3,,
195 Quagsire,,,,,,,,-,-,-,,,-,7,,
196 Espeon,,,,,,,,-,,-,-,-,-,8,,
197 Umbreon,,,,,,,,-,,-,-,-,-,8,,
198 Murkrow,,,,,,,,-,-,-,,,-,7,,
199 Slowking,,,,,,,,-,-,-,,,-,7,,
Paldean,,,,-,-,-,-,-,-,-,-,-,-,3,,
200 Misdreavus,,,,,,,,-,-,-,,,-,7,,
201 Unown,,,,,,,,-,-,-,,,-,7,,
202 Wobbuffet,,,,,,,,-,-,-,,,-,7,,
203 Girafarig,,,,,,,,-,-,-,,,-,7,,
204 Pineco,,,,,,,,-,-,-,,,-,7,,
205 Forretress,,,,,,,,-,-,-,,,-,7,,
206 Dunsparce,,,,,,,,-,-,-,-,-,-,7,,
207 Gligar,,,,,,,,-,-,-,,,-,7,,
208 Steelix,,,,,,,,,-,-,,,-,8,,
209 Snubbull,,,,,,,,-,-,-,,,-,7,,
210 Granbull,,,,,,,,-,-,-,,,-,7,,
211 Qwilfish,,,,,,,,-,-,-,,,-,7,,
Hisuian,,,,-,-,-,-,-,-,-,-,-,-,3,,
212 Scizor,,,,,,,,,-,-,,,-,8,,
213 Shuckle,,,,,,,,-,,-,,,-,8,,
214 Heracross,,,,,,,,,-,-,-,-,-,8,,
215 Sneasel,,,,,,,,-,-,-,,,-,7,,
Hisuian,,,,-,-,-,-,-,-,-,-,-,-,3,,
216 Teddiursa,,,,,,,,-,-,-,,,-,7,,
217 Ursaring,,,,,,,,-,-,-,,,-,7,,
218 Slugma,,,,,,,,-,-,-,-,-,-,7,,
219 Magcargo,,,,,,,,-,-,-,-,-,-,7,,
220 Swinub,,,,,,,,-,-,-,,,-,7,,
221 Piloswine,,,,,,,,-,-,-,,,-,7,,
222 Corsola,,,,,,,,-,-,-,-,-,-,7,,
Galarian,,,,-,-,-,-,-,-,-,-,-,-,3,,
223 Remoraid,,,,,,,,-,-,-,-,-,-,7,,
224 Octillery,,,,,,,,-,-,-,-,-,-,7,,
225 Delibird,,,,,,,,-,-,-,,,-,7,,
226 Mantine,,,,,,,,-,-,-,-,-,-,7,,
227 Skarmory,,,,,,,,-,-,-,,,-,7,,
228 Houndour,,,,,,,,-,-,-,,,-,7,,
229 Houndoom,,,,,,,,,-,-,,,-,8,,
230 Kingdra,,,,,,,,-,-,-,,,-,7,,
231 Phanpy,,,,,,,,-,-,-,,,-,7,,
232 Donphan,,,,,,,,-,-,-,,,-,7,,
233 Porygon2,,,,,,,,-,-,-,,,-,7,,
234 Stantler,,,,,,,,-,-,-,,,-,7,,
235 Smeargle,,,,,,,,-,-,-,-,-,-,7,,
236 Tyrogue,,,,,,,,-,-,-,-,-,-,7,,
237 Hitmontop,,,,,,,,-,-,-,,,-,7,,
238 Smoochum,,,,,,,,-,-,-,-,-,-,7,,
239 Elekid,,,,,,,,-,-,-,-,-,-,7,,
240 Magby,,,,,,,,-,-,-,-,-,-,7,,
241 Miltank,,,,,,,,-,-,-,-,-,-,7,,
242 Blissey,,,,,,,,-,-,-,-,-,-,7,,
243 Raikou,,,,,,,,-,,-,,,-,8,,
244 Entei,,,,,,,,-,,-,,,-,8,,
245 Suicune,,,,,,,,-,,-,,,-,8,,
246 Larvitar,,,,,,,,-,-,-,,,-,7,,
247 Pupitar,,,,,,,,-,-,-,,,-,7,,
248 Tyranitar,,,,,,,,,-,-,,,-,8,,
249 Lugia,,,,,,,,,,-,,,-,9,,
250 Ho-Oh,,,,,,,,-,,-,,,-,8,,
251 Celebi,,,,,,,,-,-,-,-,-,-,7,,
HOENN,,,,,,,,,,,,,,99,,
252 Treecko,,,,,,,,-,-,-,,,-,7,,
253 Grovyle,,,,,,,,-,-,-,,,-,7,,
254 Sceptile,,,,,,,,,-,-,,,-,8,,
255 Torchic,,,,,,,,-,-,-,,,-,7,,
256 Combusken,,,,,,,,-,-,-,,,-,7,,
257 Blaziken,,,,,,,,,-,-,,,-,8,,
258 Mudkip,,,,,,,,-,-,-,,,-,7,,
259 Marshtomp,,,,,,,,-,-,-,,,-,7,,
260 Swampert,,,,,,,,,-,-,,,-,8,,
261 Poochyena,,,,,,,,-,-,-,,,-,7,,
262 Mightyena,,,,,,,,-,-,-,,,-,7,,
263 Zigzagoon,,,,,,,,-,-,-,-,-,-,7,,
Galarian,,,,-,-,-,-,-,-,-,,,-,3,,
264 Linoone,,,,,,,,-,-,-,,,-,7,,
Galarian,,,,-,-,-,-,-,-,-,-,-,-,3,,
265 Wurmple,,,,,,,,-,-,-,-,-,-,7,,
266 Silcoon,,,,,,,,-,-,-,-,-,-,7,,
267 Beautifly,,,,,,,,-,-,-,-,-,-,7,,
268 Cascoon,,,,,,,,-,-,-,-,-,-,7,,
269 Dustox,,,,,,,,-,-,-,-,-,-,7,,
270 Lotad,,,,,,,,-,-,-,-,-,-,7,,
271 Lombre,,,,,,,,-,-,-,-,-,-,7,,
272 Ludicolo,,,,,,,,-,-,-,-,-,-,7,,
273 Seedot,,,,,,,,-,-,-,,,-,7,,
274 Nuzleaf,,,,,,,,-,-,-,,,-,7,,
275 Shiftry,,,,,,,,-,-,-,,,-,7,,
276 Taillow,,,,,,,,-,-,-,,,-,7,,
277 Swellow,,,,,,,,-,-,-,,,-,7,,
278 Wingull,,,,,,,,-,-,-,-,,-,7,,
279 Pelipper,,,,,,,,-,-,-,-,,-,7,,
280 Ralts,,,,,,,,-,-,-,,,-,7,,
281 Kirlia,,,,,,,,-,-,-,,,-,7,,
282 Gardevoir,,,,,,,,,-,-,,,-,8,,
283 Surskit,,,,,,,,-,-,-,-,-,-,7,,
284 Masquerain,,,,,,,,-,-,-,-,-,-,7,,
285 Shroomish,,,,,,,,-,-,-,-,-,-,7,,
286 Breloom,,,,,,,,-,-,-,-,-,-,7,,
287 Slakoth,,,,,,,,-,-,-,,,-,7,,
288 Vigoroth,,,,,,,,-,-,-,,,-,7,,
289 Slaking,,,,,,,,-,-,-,,,-,7,,
290 Nincada,,,,,,,,-,-,-,-,-,-,7,,
291 Ninjask,,,,,,,,-,-,-,-,-,-,7,,
292 Shedinja,,,,,,,,-,-,-,-,-,-,7,,
293 Whismur,,,,,,,,-,-,-,,,-,7,,
294 Loudred,,,,,,,,-,-,-,,,-,7,,
295 Exploud,,,,,,,,-,-,-,,,-,7,,
296 Makuhita,,,,,,,,-,-,-,,,-,7,,
297 Hariyama,,,,,,,,-,-,-,,,-,7,,
298 Azurill,,,,,,,,-,-,-,-,-,-,7,,
299 Nosepass,,,,,,,,-,-,-,,,-,7,,
300 Skitty,,,,,,,,-,-,-,-,-,-,7,,
301 Delcatty,,,,,,,,-,-,-,-,-,-,7,,
302 Sableye,,,,,,,,,,-,,,-,9,,
303 Mawile,,,,,,,,,-,-,,,-,8,,
304 Aron,,,,,,,,-,-,-,,,-,7,,
305 Lairon,,,,,,,,-,-,-,,,-,7,,
306 Aggron,,,,,,,,,-,-,,,-,8,,
307 Meditite,,,,,,,,-,-,-,-,-,-,7,,
308 Medicham,,,,,,,,,-,-,-,-,-,8,,
309 Electrike,,,,,,,,-,-,-,,,-,7,,
310 Manectric,,,,,,,,,-,-,,,-,8,,
311 Plusle,,,,,,,,-,-,-,-,-,-,7,,
312 Minun,,,,,,,,-,-,-,-,-,-,7,,
313 Volbeat,,,,,,,,-,-,-,-,-,-,7,,
314 Illumise,,,,,,,,-,-,-,-,-,-,7,,
315 Roselia,,,,,,,,-,-,-,-,-,-,7,,
316 Gulpin,,,,,,,,-,-,-,-,-,-,7,,
317 Swalot,,,,,,,,-,-,-,-,-,-,7,,
318 Carvanha,,,,,,,,-,-,-,,,-,7,,
319 Sharpedo,,,,,,,,,-,-,,,-,8,,
320 Wailmer,,,,,,,,-,,-,,,-,8,,
321 Wailord,,,,,,,,-,,-,,,-,8,,
322 Numel,,,,,,,,-,-,-,,,-,7,,
323 Camerupt,,,,,,,,,-,-,,,-,8,,
324 Torkoal,,,,,,,,-,-,-,-,-,-,7,,
325 Spoink,,,,,,,,-,-,-,,,-,7,,
326 Grumpig,,,,,,,,-,-,-,,,-,7,,
327 Spinda,,,,,,,,-,-,-,-,-,-,7,,
328 Trapinch,,,,,,,,-,,-,,,-,8,,
329 Vibrava,,,,,,,,-,,-,,,-,8,,
330 Flygon,,,,,,,,-,,-,,,-,8,,
331 Cacnea,,,,,,,,-,-,-,,,-,7,,
332 Cacturne,,,,,,,,-,-,-,,,-,7,,
333 Swablu,,,,,,,,-,-,-,,,-,7,,
334 Altaria,,,,,,,,,-,-,,,-,8,,
335 Zangoose,,,,,,,,-,-,-,-,-,-,7,,
336 Seviper,,,,,,,,-,-,-,-,-,-,7,,
337 Lunatone,,,,,,,,-,-,-,-,-,-,7,,
338 Solrock,,,,,,,,-,-,-,-,-,-,7,,
339 Barboach,,,,,,,,-,-,-,,,-,7,,
340 Whiscash,,,,,,,,-,-,-,,,-,7,,
341 Corphish,,,,,,,,-,-,-,,,-,7,,
342 Crawdaunt,,,,,,,,-,-,-,,,-,7,,
343 Baltoy,,,,,,,,-,-,-,,,-,7,,
344 Claydol,,,,,,,,-,-,-,,,-,7,,
345 Lileep,,,,,,,,-,-,-,,,-,7,,
346 Cradily,,,,,,,,-,-,-,,,-,7,,
347 Anorith,,,,,,,,-,-,-,,,-,7,,
348 Armaldo,,,,,,,,-,-,-,,,-,7,,
349 Feebas,,,,,,,,-,,-,,,-,8,,
350 Milotic,,,,,,,,-,,-,,,-,8,,
351 Castform,,,,,,,,-,-,-,-,-,-,7,,
352 Kecleon,,,,,,,,-,-,-,-,-,-,7,,
353 Shuppet,,,,,,,,-,-,-,,,-,7,,
354 Banette,,,,,,,,,-,-,,,-,8,,
355 Duskull,,,,,,,,-,-,-,,,-,7,,
356 Dusclops,,,,,,,,-,-,-,,,-,7,,
357 Tropius,,,,,,,,-,-,-,-,-,-,7,,
358 Chimecho,,,,,,,,-,-,-,-,-,-,7,,
359 Absol,,,,,,,,,-,-,,,-,8,,
360 Wynaut,,,,,,,,-,-,-,-,-,-,7,,
361 Snorunt,,,,,,,,-,-,-,,,-,7,,
362 Glalie,,,,,,,,,-,-,,,-,8,,
363 Spheal,,,,,,,,-,,-,,,-,8,,
364 Sealeo,,,,,,,,-,,-,,,-,8,,
365 Walrein,,,,,,,,-,,-,,,-,8,,
366 Clamperl,,,,,,,,-,-,-,-,-,-,7,,
367 Huntail,,,,,,,,-,-,-,-,-,-,7,,
368 Gorebyss,,,,,,,,-,-,-,-,-,-,7,,
369 Relicanth,,,,,,,,-,-,-,-,-,-,7,,
370 Luvdisc,,,,,,,,-,-,-,-,-,-,7,,
371 Bagon,,,,,,,,-,-,-,,,-,7,,
372 Shelgon,,,,,,,,-,-,-,,,-,7,,
373 Salamence,,,,,,,,,-,-,,,-,8,,
374 Beldum,,,,,,,,-,,-,,,-,8,,
375 Metang,,,,,,,,-,,-,,,-,8,,
376 Metagross,,,,,,,,,,-,,,-,9,,
377 Regirock,,,,,,,,-,,-,,,-,8,,
378 Regice,,,,,,,,-,,-,,,-,8,,
379 Registeel,,,,,,,,-,,-,,,-,8,,
380 Latias,,,,,,,,,,-,,,-,9,,
381 Latios,,,,,,,,,,-,,,-,9,,
382 Kyogre,,,,,,,,-,-,-,,,-,7,,
383 Groudon,,,,,,,,-,-,-,,,-,7,,
384 Rayquaza,,,,,,,,,-,-,-,-,-,8,,
385 Jirachi,,,,,,,,-,-,-,-,-,-,7,,
386 Deoxys,,,,,,,,-,-,-,-,-,-,7,,
SINNOH,,,,,,,,,,,,,,99,,
387 Turtwig,,,,,,,,-,-,-,,,-,7,,
388 Grotle,,,,,,,,-,-,-,,,-,7,,
389 Torterra,,,,,,,,-,-,-,,,-,7,,
390 Chimchar,,,,,,,,-,-,-,,,-,7,,
391 Monferno,,,,,,,,-,-,-,,,-,7,,
392 Infernape,,,,,,,,-,-,-,,,-,7,,
393 Piplup,,,,,,,,-,-,-,,,-,7,,
394 Prinplup,,,,,,,,-,-,-,,,-,7,,
395 Empoleon,,,,,,,,-,-,-,,,-,7,,
396 Starly,,,,,,,,-,-,-,,,-,7,,
397 Staravia,,,,,,,,-,-,-,,,-,7,,
398 Staraptor,,,,,,,,-,-,-,,,-,7,,
399 Bidoof,,,,,,,,-,-,-,,,-,7,,
400 Bibarel,,,,,,,,-,-,-,,,-,7,,
401 Kricketot,,,,,,,,-,-,-,-,-,-,7,,
402 Kricketune,,,,,,,,-,-,-,-,-,-,7,,
403 Shinx,,,,,,,,-,-,-,,,-,7,,
404 Luxio,,,,,,,,-,-,-,,,-,7,,
405 Luxray,,,,,,,,-,-,-,,,-,7,,
406 Budew,,,,,,,,-,-,-,-,-,-,7,,
407 Roserade,,,,,,,,-,-,-,-,-,-,7,,
408 Cranidos,,,,,,,,-,-,-,,,-,7,,
409 Rampardos,,,,,,,,-,-,-,,,-,7,,
410 Shieldon,,,,,,,,-,-,-,,,-,7,,
411 Bastiodon,,,,,,,,-,-,-,,,-,7,,
412 Burmy,,,,,,,,-,-,-,-,-,-,7,,
413 Wormadam,,,,,,,,-,-,-,-,-,-,7,,
414 Mothim,,,,,,,,-,-,-,-,-,-,7,,
415 Combee,,,,,,,,-,-,-,-,-,-,7,,
416 Vespiquen,,,,,,,,-,-,-,-,-,-,7,,
417 Pachirisu,,,,,,,,-,-,-,-,-,-,7,,
418 Buizel,,,,,,,,-,-,-,-,-,-,7,,
419 Floatzel,,,,,,,,-,-,-,-,-,-,7,,
420 Cherubi,,,,,,,,-,-,-,-,-,-,7,,
421 Cherrim,,,,,,,,-,-,-,-,-,-,7,,
422 Shellos,,,,,,,,-,-,-,-,-,-,7,,
423 Gastrodon,,,,,,,,-,-,-,-,-,-,7,,
424 Ambipom,,,,,,,,-,-,-,,,-,7,,
425 Drifloon,,,,,,,,-,-,-,,,-,7,,
426 Drifblim,,,,,,,,-,-,-,,,-,7,,
427 Buneary,,,,,,,,-,-,-,-,-,-,7,,
428 Lopunny,,,,,,,,,-,-,-,-,-,8,,
429 Mismagius,,,,,,,,-,-,-,,,-,7,,
430 Honchkrow,,,,,,,,-,-,-,,,-,7,,
431 Glameow,,,,,,,,-,-,-,,,-,7,,
432 Purugly,,,,,,,,-,-,-,,,-,7,,
433 Chingling,,,,,,,,-,-,-,-,-,-,7,,
434 Stunky,,,,,,,,-,-,-,,,-,7,,
435 Skuntank,,,,,,,,-,-,-,,,-,7,,
436 Bronzor,,,,,,,,-,-,-,-,-,-,7,,
437 Bronzong,,,,,,,,-,-,-,-,-,-,7,,
438 Bonsly,,,,,,,,-,-,-,-,-,-,7,,
439 Mime Jr.,,,,,,,,-,-,-,-,-,-,7,,
440 Happiny,,,,,,,,-,-,-,-,-,-,7,,
441 Chatot,,,,,,,,-,-,-,-,-,-,7,,
442 Spiritomb,,,,,,,,-,-,-,-,-,-,7,,
443 Gible,,,,,,,,-,-,-,,,-,7,,
444 Gabite,,,,,,,,-,-,-,,,-,7,,
445 Garchomp,,,,,,,,,-,-,,,-,8,,
446 Munchlax,,,,,,,,-,-,-,-,-,-,7,,
447 Riolu,,,,,,,,-,-,-,-,-,-,7,,
448 Lucario,,,,,,,,,-,-,-,-,-,8,,
449 Hippopotas,,,,,,,,-,-,-,,,-,7,,
450 Hippowdon,,,,,,,,-,-,-,,,-,7,,
451 Skorupi,,,,,,,,-,-,-,,,-,7,,
452 Drapion,,,,,,,,-,-,-,,,-,7,,
453 Croagunk,,,,,,,,-,-,-,,,-,7,,
454 Toxicroak,,,,,,,,-,-,-,,,-,7,,
455 Carnivine,,,,,,,,-,-,-,-,-,-,7,,
456 Finneon,,,,,,,,-,-,-,-,-,-,7,,
457 Lumineon,,,,,,,,-,-,-,-,-,-,7,,
458 Mantyke,,,,,,,,-,-,-,-,-,-,7,,
459 Snover,,,,,,,,-,-,-,,,-,7,,
460 Abomasnow,,,,,,,,,-,-,,,-,8,,
461 Weavile,,,,,,,,-,-,-,,,-,7,,
462 Magnezone,,,,,,,,-,-,-,,,-,7,,
463 Lickilicky,,,,,,,,-,-,-,-,-,-,7,,
464 Rhyperior,,,,,,,,-,-,-,,,-,7,,
465 Tangrowth,,,,,,,,-,-,-,,,-,7,,
466 Electivire,,,,,,,,-,,-,,,-,8,,
467 Magmortar,,,,,,,,-,-,-,,,-,7,,
468 Togekiss,,,,,,,,-,-,-,-,-,-,7,,
469 Yanmega,,,,,,,,-,-,-,-,-,-,7,,
470 Leafeon,,,,,,,,-,,-,-,-,-,8,,
471 Glaceon,,,,,,,,-,,-,-,-,-,8,,
472 Gliscor,,,,,,,,-,-,-,,,-,7,,
473 Mamoswine,,,,,,,,-,-,-,,,-,7,,
474 Porygon-Z,,,,,,,,-,-,-,,,-,7,,
475 Gallade,,,,,,,,,-,-,,,-,8,,
476 Probopass,,,,,,,,-,-,-,,,-,7,,
477 Dusknoir,,,,,,,,-,-,-,,,-,7,,
478 Froslass,,,,,,,,-,-,-,,,-,7,,
479 Rotom,,,,,,,,-,-,-,-,-,-,7,,
480 Uxie,,,,,,,,,-,-,-,-,-,8,,
481 Mesprit,,,,,,,,,-,-,-,-,-,8,,
482 Azelf,,,,,,,,,-,-,-,-,-,8,,
483 Dialga,,,,,,,,-,-,-,,,-,7,,
484 Palkia,,,,,,,,-,-,-,,,-,7,,
485 Heatran,,,,,,,,-,-,-,,,-,7,,
486 Regigigas,,,,,,,,-,-,-,,,-,7,,
487 Giratina,,,,,,,,-,-,-,,,-,7,,
488 Cresselia,,,,,,,,-,-,-,,,-,7,,
489 Phione,-,-,-,-,-,-,-,-,-,-,-,-,-,0,,
490 Manaphy,-,-,-,-,-,-,-,-,-,-,-,-,-,0,,
491 Darkrai,,,,,,,,-,-,-,,,-,7,,
492 Shaymin,,,-,-,-,-,-,-,-,-,-,-,-,2,,
493 Arceus,-,-,-,-,-,-,-,-,-,-,-,-,-,0,,
UNOVA,,,,,,,,,,,,,,99,,
494 Victini,,,-,,,,,-,-,-,-,-,-,6,,
495 Snivy,,,,,,,,-,-,-,,,-,7,,
496 Servine,,,,,,,,-,-,-,,,-,7,,
497 Serperior,,,,,,,,-,-,-,,,-,7,,
498 Tepig,,,,,,,,-,-,-,,,-,7,,
499 Pignite,,,,,,,,-,-,-,,,-,7,,
500 Emboar,,,,,,,,-,-,-,,,-,7,,
501 Oshawott,,,,,,,,-,-,-,,,-,7,,
502 Dewott,,,,,,,,-,-,-,,,-,7,,
503 Samurott,,,,,,,,-,-,-,,,-,7,,
Hisuian,,,,,,,,-,-,-,,,-,7,,
504 Patrat,,,,,,,,-,-,-,,,-,7,,
505 Watchog,,,,,,,,-,-,-,,,-,7,,
506 Lillipup,,,,,,,,-,-,-,-,-,-,7,,
507 Herdier,,,,,,,,-,-,-,-,-,-,7,,
508 Stoutland,,,,,,,,-,-,-,-,-,-,7,,
509 Purrloin,,,,,,,,-,-,-,,,-,7,,
510 Liepard,,,,,,,,-,-,-,,,-,7,,
511 Pansage,,,,,,,,-,-,-,-,-,-,7,,
512 Simisage,,,,,,,,-,-,-,-,-,-,7,,
513 Pansear,,,,,,,,-,-,-,-,-,-,7,,
514 Simisear,,,,,,,,-,-,-,-,-,-,7,,
515 Panpour,,,,,,,,-,-,-,-,-,-,7,,
516 Simipour,,,,,,,,-,-,-,-,-,-,7,,
517 Munna,,,,,,,,-,-,-,-,-,-,7,,
518 Musharna,,,,,,,,-,-,-,-,-,-,7,,
519 Pidove,,,,,,,,-,,-,,,-,8,,
520 Tranquill,,,,,,,,-,,-,,,-,8,,
521 Unfezant,,,,,,,,-,,-,,,-,8,,
522 Blitzle,,,,,,,,-,-,-,,,-,7,,
523 Zebstrika,,,,,,,,-,-,-,,,-,7,,
524 Roggenrola,,,,,,,,-,,-,,,-,8,,
525 Boldore,,,,,,,,-,,-,,,-,8,,
526 Gigalith,,,,,,,,-,,-,,,-,8,,
527 Woobat,,,,,,,,-,,-,-,-,-,8,,
528 Swoobat,,,,,,,,-,,-,-,-,-,8,,
529 Drilbur,,,,,,,,-,,-,,,-,8,,
530 Excadrill,,,,,,,,-,,-,,,-,8,,
531 Audino,,,,,,,,,-,-,-,-,-,8,,
532 Timburr,,,,,,,,-,-,-,,,-,7,,
533 Gurdurr,,,,,,,,-,-,-,,,-,7,,
534 Conkeldurr,,,,,,,,-,-,-,,,-,7,,
535 Tympole,,,,,,,,-,-,-,-,-,-,7,,
536 Palpitoad,,,,,,,,-,-,-,-,-,-,7,,
537 Seismitoad,,,,,,,,-,-,-,-,-,-,7,,
538 Throh,,,,,,,,-,-,-,,,-,7,,
539 Sawk,,,,,,,,-,-,-,,,-,7,,
540 Sewaddle,,,,,,,,-,-,-,-,-,-,7,,
541 Swadloon,,,,,,,,-,-,-,-,-,-,7,,
542 Leavanny,,,,,,,,-,-,-,-,-,-,7,,
543 Venipede,,,,,,,,-,-,-,,,-,7,,
544 Whirlipede,,,,,,,,-,-,-,,,-,7,,
545 Scolipede,,,,,,,,-,-,-,,,-,7,,
546 Cottonee,,,,,,,,-,,-,-,-,-,8,,
547 Whimsicott,,,,,,,,-,,-,-,-,-,8,,
548 Petilil,,,,,,,,-,-,-,-,-,-,7,,
549 Lilligant,,,,,,,,-,-,-,-,-,-,7,,
Hisuian,,,,-,-,-,-,-,-,-,-,-,-,3,,
550 Basculin,,,,,,,,-,-,-,-,-,-,7,,
551 Sandile,,,,,,,,-,-,-,-,-,-,7,,
552 Krokorok,,,,,,,,-,-,-,-,-,-,7,,
553 Krookodile,,,,,,,,-,-,-,-,-,-,7,,
554 Darumaka,,,,,,,,-,,-,,,-,8,,
Galarian,,,,-,-,-,-,-,-,-,-,-,-,3,,
555 Darmanitan,,,,,,,,-,,-,,,-,8,,
Galarian,,,,-,-,-,-,-,-,-,-,-,-,3,,
556 Maractus,,,,,,,,-,-,-,-,-,-,7,,
557 Dwebble,,,,,,,,-,-,-,,,-,7,,
558 Crustle,,,,,,,,-,-,-,,,-,7,,
559 Scraggy,,,,,,,,-,-,-,-,-,-,7,,
560 Scrafty,,,,,,,,-,-,-,-,-,-,7,,
561 Sigilyph,,,,,,,,-,-,-,-,-,-,7,,
562 Yamask,,,,,,,,-,-,-,,,-,7,,
Galarian,,,,-,-,-,-,-,-,-,-,-,-,3,,
563 Cofagrigus,,,,,,,,-,-,-,,,-,7,,
564 Tirtouga,,,,,,,,-,-,-,,,-,7,,
565 Carracosta,,,,,,,,-,-,-,,,-,7,,
566 Archen,,,,,,,,-,-,-,,,-,7,,
567 Archeops,,,,,,,,-,-,-,,,-,7,,
568 Trubbish,,,,,,,,-,,-,,,-,8,,
569 Garbodor,,,,,,,,-,,,,,-,8,,
570 Zorua,,,,,,,,-,-,-,-,-,-,7,,
Hisuian,,,,-,-,-,-,-,-,-,-,-,-,3,,
571 Zoroark,,,-,,,,,-,-,-,-,-,-,6,,
Hisuian,,,,-,-,-,-,-,-,-,-,-,-,3,,
572 Minccino,,,,,,,,-,-,-,-,-,-,7,,
573 Cinccino,,,,,,,,-,-,-,-,-,-,7,,
574 Gothita,,,,,,,,-,-,-,,,-,7,,
575 Gothorita,,,,,,,,-,-,-,,,-,7,,
576 Gothitelle,,,,,,,,-,-,-,,,-,7,,
577 Solosis,,,,,,,,-,-,-,,,-,7,,
578 Duosion,,,,,,,,-,-,-,,,-,7,,
579 Reuniclus,,,,,,,,-,-,-,,,-,7,,
580 Ducklett,,,,,,,,-,-,-,,,-,7,,
581 Swanna,,,,,,,,-,-,-,,,-,7,,
582 Vanillite,,,,,,,,-,-,-,-,-,-,7,,
583 Vanillish,,,,,,,,-,-,-,-,-,-,7,,
584 Vanilluxe,,,,,,,,-,-,-,-,-,-,7,,
585 Deerling,,,,,,,,-,-,-,-,-,-,7,,
586 Sawsbuck,,,,,,,,-,-,-,-,-,-,7,,
587 Emolga,,,,,,,,-,-,-,-,-,-,7,,
588 Karrablast,,,,,,,,-,-,-,,,-,7,,
589 Escavalier,,,,,,,,-,-,-,,,-,7,,
590 Foongus,,,,,,,,-,-,-,,,-,7,,
591 Amoonguss,,,,3.98,,,,-,-,-,,,-,6,,
592 Frillish,,,,,,,,-,-,-,,,-,7,,
593 Jellicent,,,,,,,,-,-,-,,,-,7,,
594 Alomomola,,,,,,,,-,-,-,,,-,7,,
595 Joltik,,,,,,,,-,-,-,,,-,7,,
596 Galvantula,,,,,,,,-,-,-,,,-,7,,
597 Ferroseed,,,,,,,,-,-,-,,,-,7,,
598 Ferrothorn,,,,,,,,-,-,-,,,-,7,,
599 Klink,,,,,,,,-,-,-,-,-,-,7,,
600 Klang,,,,,,,,-,-,-,-,-,-,7,,
601 Klinklang,,,,,,,,-,-,-,-,-,-,7,,
602 Tynamo,,,,,,,,-,-,-,-,-,-,7,,
603 Eelektrik,,,,,,,,-,-,-,-,-,-,7,,
604 Eelektross,,,,,,,,-,-,-,-,-,-,7,,
605 Elgyem,,,,,,,,-,-,-,-,-,-,7,,
606 Beheeyem,,,,,,,,-,-,-,-,-,-,7,,
607 Litwick,,,,,,,,-,-,-,,,-,7,,
608 Lampent,,,,,,,,-,-,-,,,-,7,,
609 Chandelure,,,,,,,,-,-,-,,,-,7,,
610 Axew,,,,,,,,-,-,-,-,-,-,7,,
611 Fraxure,,,,,,,,-,-,-,-,-,-,7,,
612 Haxorus,,,,,,,,-,-,-,-,-,-,7,,
613 Cubchoo,,,,,,,,-,-,-,-,-,-,7,,
614 Beartic,,,,,,,,-,-,-,-,-,-,7,,
615 Cryogonal,,,,,,,,-,,-,-,-,-,8,,
616 Shelmet,,,,,,,,-,-,-,,,-,7,,
617 Accelgor,,,,,,,,-,-,-,,,-,7,,
618 Stunfisk,,,,,,,,-,-,-,-,-,-,7,,
Galarian,,,,-,-,-,-,-,-,-,-,-,-,3,,
619 Mienfoo,,,,,,,,-,-,-,-,-,-,7,,
620 Mienshao,,,,,,,,-,-,-,-,-,-,7,,
621 Druddigon,,,,,,,,-,-,-,-,-,-,7,,
622 Golett,,,,,,,,-,-,-,,,-,7,,
623 Golurk,,,,,,,,-,-,-,,,-,7,,
624 Pawniard,,,,,,,,-,-,-,-,-,-,7,,
625 Bisharp,,,,,,,,-,-,-,-,-,-,7,,
626 Bouffalant,,,,,,,,-,-,-,-,-,-,7,,
627 Rufflet,,,,,,,,-,-,-,-,-,-,7,,
628 Braviary,,,,,,,,-,-,-,-,-,-,7,,
Hisuian,,,,-,-,-,-,-,-,-,-,-,-,3,,
629 Vullaby,,,,,,,,-,-,-,-,-,-,7,,
630 Mandibuzz,,,,,,,,-,-,-,-,-,-,7,,
631 Heatmor,,,,,,,,-,-,-,-,-,-,7,,
632 Durant,,,,,,,,-,-,-,-,-,-,7,,
633 Deino,,,,,,,,-,-,-,,,-,7,,
634 Zweilous,,,,,,,,-,-,-,,,-,7,,
635 Hydreigon,,,,,,,,-,-,-,,,-,7,,
636 Larvesta,,,,,,,,-,-,-,-,-,-,7,,
637 Volcarona,,,,,,,,-,-,-,-,-,-,7,,
638 Cobalion,,,,,,,,-,-,-,-,-,-,7,,
639 Terrakion,,,,,,,,-,-,-,-,-,-,7,,
640 Virizion,,,,,,,,-,-,-,-,-,-,7,,
641 Tornadus,,,,,,,,-,-,-,,,-,7,,
642 Thundurus,,,,,,,,-,-,-,,,-,7,,
643 Reshiram,,,,,,,,-,-,-,,,-,7,,
644 Zekrom,,,,,,,,-,-,-,-,-,-,7,,
645 Landorus,,,,,,,,-,-,-,,,-,7,,
646 Kyurem,,,,,,,,-,-,-,-,-,-,7,,
647 Keldeo,,,,,,,,-,-,-,-,-,-,7,,
648 Meloetta,,,-,-,-,-,-,-,-,-,-,-,-,2,,
649 Genesect,,,,,,,,-,-,-,-,-,-,7,,
KALOS,,,,,,,,,,,,,,99,,
650 Chespin,,,,,,,,-,-,-,,,-,7,,
651 Quilladin,,,,,,,,-,-,-,,,-,7,,
652 Chesnaught,,,,,,,,-,-,-,,,-,7,,
653 Fennekin,,,,,,,,-,-,-,,,-,7,,
654 Braixen,,,,,,,,-,-,-,,,-,7,,
655 Delphox,,,,,,,,-,-,-,,,-,7,,
656 Froakie,,,,,,,,-,-,-,,,-,7,,
657 Frogadier,,,,,,,,-,-,-,,,-,7,,
658 Greninja,,,,,,,,-,-,-,,,-,7,,
659 Bunnelby,,,,,,,,-,-,-,,,-,7,,
660 Diggersby,,,,,,,,-,-,-,,,-,7,,
661 Fletchling,,,,,,,,-,-,-,,,-,7,,
662 Fletchinder,,,,,,,,-,-,-,,,-,7,,
663 Talonflame,,,,,,,,-,-,-,,,-,7,,
664 Scatterbug,,,,,,,,-,-,-,-,-,-,7,,
665 Spewpa,,,,,,,,-,-,-,-,-,-,7,,
666 Vivillon,,,,,,,,-,-,-,-,-,-,7,,
667 Litleo,,,,,,,,-,-,-,-,-,-,7,,
668 Pyroar,,,,,,,,-,-,-,-,-,-,7,,
669 Flabebe,,,,,,,,-,-,-,-,-,-,7,,
670 Floette,,,,,,,,-,-,-,-,-,-,7,,
671 Florges,,,,,,,,-,-,-,-,-,-,7,,
672 Skiddo,,,,,,,,-,-,-,-,-,-,7,,
673 Gogoat,,,,,,,,-,-,-,-,-,-,7,,
674 Pancham,,,,,,,,-,-,-,-,-,-,7,,
675 Pangoro,,,,,,,,-,-,-,-,-,-,7,,
676 Furfrou,,,,,,,,-,-,-,-,-,-,7,,
677 Espurr,,,,,,,,-,-,-,-,-,-,7,,
678 Meowstic,,,,,,,,-,-,-,-,-,-,7,,
679 Honedge,,,,,,,,-,-,-,-,-,-,7,,
680 Doublade,,,,,,,,-,-,-,-,-,-,7,,
681 Aegislash,,,,,,,,-,-,-,-,-,-,7,,
682 Spritzee,,,,,,,,-,-,-,-,-,-,7,,
683 Aromatisse,,,,,,,,-,-,-,-,-,-,7,,
684 Swirlix,,,,,,,,-,-,-,-,-,-,7,,
685 Slurpuff,,,,,,,,-,-,-,-,-,-,7,,
686 Inkay,,,,,,,,-,,-,,,-,8,,
687 Malamar,,,,,,,,,,-,,,-,9,,
688 Binacle,,,,,,,,-,-,-,-,-,-,7,,
689 Barbaracle,,,,,,,,-,-,-,-,-,-,7,,
690 Skrelp,,,,,,,,-,-,-,-,-,-,7,,
691 Dragalge,,,,,,,,-,-,-,-,-,-,7,,
692 Clauncher,,,,,,,,-,-,-,-,-,-,7,,
693 Clawitzer,,,,,,,,-,-,-,-,-,-,7,,
694 Helioptile,,,,,,,,-,-,-,,,-,7,,
695 Heliolisk,,,,,,,,-,-,-,,,-,7,,
696 Tyrunt,,,,,,,,-,-,-,,,-,7,,
697 Tyrantrum,,,,,,,,-,-,-,,,-,7,,
698 Amaura,,,,,,,,-,-,-,,,-,7,,
699 Aurorus,,,,,,,,-,-,-,,,-,7,,
700 Sylveon,,,,,,,,-,,-,-,-,-,8,,
701 Hawlucha,,,,,,,,-,-,-,-,-,-,7,,
702 Dedenne,,,,,,,,-,-,-,-,-,-,7,,
703 Carbink,,,,,,,,-,-,-,-,-,-,7,,
704 Goomy,,,,,,,,-,-,-,-,-,-,7,,
705 Sliggoo,,,,,,,,-,-,-,-,-,-,7,,
Hisuian,,,,-,-,-,-,-,-,-,-,-,-,3,,
706 Goodra,,,,,,,,-,-,-,-,-,-,7,,
Hisuian,,,,-,-,-,-,-,-,-,-,-,-,3,,
707 Klefki,,,,,,,,-,-,-,-,-,-,7,,
708 Phantump,,,,,,,,-,-,-,,,-,7,,
709 Trevenant,,,,,,,,-,-,-,,,-,7,,
710 Pumpkaboo,,,,,,,,-,-,-,-,-,-,7,,
711 Gourgeist,,,,,,,,-,-,-,-,-,-,7,,
712 Bergmite,,,,,,,,-,-,-,-,-,-,7,,
713 Avalugg,,,,,,,,-,-,-,-,-,-,7,,
Hisuian,,,,-,-,-,-,-,-,-,-,-,-,3,,
714 Noibat,,,,,,,,-,-,-,,,-,7,,
715 Noivern,,,,,,,,-,-,-,,,-,7,,
716 Xerneas,,,,,,,,-,-,-,-,-,-,7,,
717 Yveltal,,,,,,,,-,-,-,-,-,-,7,,
718 Zygarde,,,-,-,-,-,-,-,-,-,-,-,-,2,,
719 Diancie,,,-,-,-,-,-,,-,-,-,-,-,3,,
720 Hoopa,,,-,,,,,-,-,-,-,-,-,6,,
721 Volcanion,,,-,-,-,-,-,-,-,-,-,-,-,2,,
ALOLA,,,,,,,,,,,,,,99,,
722 Rowlet,,,,,,,,-,-,-,-,-,-,7,,
723 Dartrix,,,,,,,,-,-,-,-,-,-,7,,
724 Decidueye,,,,,,,,-,-,-,-,-,-,7,,
Hisuian,,,,,,,,-,-,-,-,-,-,7,,
725 Litten,,,,,,,,-,-,-,-,-,-,7,,
726 Torracat,,,,,,,,-,-,-,-,-,-,7,,
727 Incineroar,,,,,,,,-,-,-,-,-,-,7,,
728 Popplio,,,,,,,,-,-,-,-,-,-,7,,
729 Brionne,,,,,,,,-,-,-,-,-,-,7,,
730 Primarina,,,,,,,,-,-,-,-,-,-,7,,
731 Pikipek,,,,,,,,-,-,-,,,-,7,,
732 Trumbeak,,,,,,,,-,-,-,,,-,7,,
733 Toucannon,,,,,,,,-,-,-,,,-,7,,
734 Yungoos,,,,,,,,-,-,-,-,-,-,7,,
735 Gumshoos,,,,,,,,-,-,-,-,-,-,7,,
736 Grubbin,,,,,,,,-,-,-,,,-,7,,
737 Charjabug,,,,,,,,-,-,-,,,-,7,,
738 Vikavolt,,,,,,,,-,-,-,,,-,7,,
739 Crabrawler,,,,,,,,-,-,-,-,-,-,7,,
740 Crabominable,,,,,,,,-,-,-,-,-,-,7,,
741 Oricorio,,,,,,,,-,-,-,-,-,-,7,,
742 Cutiefly,,,,,,,,-,-,-,-,-,-,7,,
743 Ribombee,,,,,,,,-,-,-,-,-,-,7,,
744 Rockruff,,,,,,,,-,-,-,-,-,-,7,,
745 Lycanroc,,,,,,,,-,-,-,-,-,-,7,,
746 Wishiwashi,-,-,-,-,-,-,-,-,-,-,-,-,-,0,,
747 Mareanie,,,,,,,,-,-,-,-,-,-,7,,
748 Toxapex,,,,,,,,-,-,-,-,-,-,7,,
749 Mudbray,,,,,,,,-,-,-,-,-,-,7,,
750 Mudsdale,,,,,,,,-,-,-,-,-,-,7,,
751 Dewpider,,,,,,,,-,-,-,,,-,7,,
752 Araquanid,,,,,,,,-,-,-,,,-,7,,
753 Fomantis,,,,,,,,-,-,-,-,-,-,7,,
754 Lurantis,,,,,,,,-,-,-,-,-,-,7,,
755 Morelull,,,,,,,,-,-,-,,,-,7,,
756 Shiinotic,,,,,,,,-,-,-,,,-,7,,
757 Salandit,,,,,,,,-,-,-,-,-,-,7,,
758 Salazzle,,,,,,,,-,-,-,-,-,-,7,,
759 Stufful,,,,,,,,-,-,-,,,-,7,,
760 Bewear,,,,,,,,-,-,-,,,-,7,,
761 Bounsweet,,,,,,,,-,,-,-,-,-,8,,
762 Steenee,,,,,,,,-,-,-,-,-,-,7,,
763 Tsareena,,,,,,,,-,-,-,-,-,-,7,,
764 Comfey,,,,,,,,-,-,-,-,-,-,7,,
765 Oranguru,,,,,,,,-,-,-,-,-,-,7,,
766 Passimian,,,,,,,,-,,-,-,-,-,8,,
767 Wimpod,,,,,,,,-,-,-,-,-,-,7,,
768 Golisopod,,,,,,,,-,-,-,-,-,-,7,,
769 Sandygast,,,,,,,,-,-,-,-,-,-,7,,
770 Palossand,,,,,,,,-,-,-,-,-,-,7,,
771 Pyukumuku,-,-,-,-,-,-,-,-,-,-,-,-,-,0,,
772 Type: Null,-,-,-,-,-,-,-,-,-,-,-,-,-,0,,
773 Silvally,-,-,-,-,-,-,-,-,-,-,-,-,-,0,,
774 Minior,-,-,-,-,-,-,-,-,-,-,-,-,-,0,,
775 Komala,,,,,,,,-,-,-,-,-,-,7,,
776 Turtonator,,,,,,,,-,-,-,-,-,-,7,,
777 Togedemaru,,,,,,,,-,-,-,-,-,-,7,,
778 Mimikyu,,,-,,,,,-,-,-,-,-,-,6,,
779 Bruxish,,,,,,,,-,-,-,-,-,-,7,,
780 Drampa,,,,,,,,-,,-,-,-,-,8,,
781 Dhelmise,,,,,,,,-,-,-,-,-,-,7,,
782 Jangmo-o,,,,,,,,-,-,-,-,-,-,7,,
783 Hakamo-o,,,,,,,,-,-,-,-,-,-,7,,
784 Kommo-o,,,,,,,,-,-,-,-,-,-,7,,
785 Tapu Koko,,,,,,,,-,-,-,-,-,-,7,,
786 Tapu Lele,,,,,,,,-,-,-,-,-,-,7,,
787 Tapu Bulu,,,,,,,,-,-,-,-,-,-,7,,
788 Tapu Fini,,,,,,,,-,-,-,-,-,-,7,,
789 Cosmog,,,-,,,,,-,-,-,-,-,-,6,,
790 Cosmoem,,,-,,,,,-,-,-,-,-,-,6,,
791 Solgaleo,,,-,,,,,-,-,-,-,-,-,6,,
792 Lunala,,,-,,,,,-,-,-,-,-,-,6,,
793 Nihilego,,,,,,,,-,-,-,-,-,-,7,,
794 Buzzwole,,,,,,,,-,-,-,-,-,-,7,,
795 Pheromosa,,,,,,,,-,-,-,-,-,-,7,,
796 Xurkitree,,,,,,,,-,-,-,-,-,-,7,,
797 Celesteela,,,,,,,,-,-,-,-,-,-,7,,
798 Kartana,,,,,,,,-,-,-,-,-,-,7,,
799 Guzzlord,,,,,,,,-,-,-,-,-,-,7,,
800 Necrozma,,,,,,,,-,-,-,-,-,-,7,,
801 Magearna,-,-,-,-,-,-,-,-,-,-,-,-,-,0,,
802 Marshadow,,,-,-,-,-,-,-,-,-,-,-,-,2,,
803 Poipole,,,-,,,,,-,-,-,-,-,-,6,,
804 Naganadel,,,-,,,,,-,-,-,-,-,-,6,,
805 Stakataka,,,,,,,,-,-,-,-,-,-,7,,
806 Blacephalon,,,,,,,,-,-,-,-,-,-,7,,
807 Zeraora,,,,,,,,-,-,-,-,-,-,7,,
808 Meltan,,,-,-,-,-,-,-,-,-,-,-,-,2,,
809 Melmetal,,,-,-,-,-,-,-,-,,-,-,-,2,,
GALAR,,,,,,,,,,,,,,99,,
810 Grookey,,,,,,,,-,,-,-,-,-,8,,
811 Thwackey,,,,,,,,-,,-,-,-,-,8,,
812 Rillaboom,,,,,,,,-,,,-,-,-,8,,
813 Scorbunny,,,,,,,,-,,-,-,-,-,8,,
814 Raboot,,,,,,,,-,,-,-,-,-,8,,
815 Cinderace,,,,,,,,-,,,-,-,-,8,,
816 Sobble,,,-,,,,,-,,-,-,-,-,7,,
817 Drizzile,,,-,,,,,-,,-,-,-,-,7,,
818 Inteleon,,,-,,,,,-,,,-,-,-,7,,
819 Skwovet,,,,,,,,-,,-,-,-,-,8,,
820 Greedent,,,,,,,,-,,-,-,-,-,8,,
821 Rookidee,,,,,,,,-,,-,,,-,8,,
822 Corvisquire,,,,,,,,-,,-,,,-,8,,
823 Corviknight,,,,,,,,-,,,,,-,8,,
824 Blipbug,,,,,,,,-,-,-,-,-,-,7,,
825 Dottler,,,,,,,,-,-,-,,,-,7,,
826 Orbeetle,,,,,,,,-,-,,,,-,7,,
827 Nickit,,,,,,,,-,-,-,,,-,7,,
828 Thievul,,,,,,,,-,-,-,,,-,7,,
829 Gossifleur,,,-,,,,,-,-,-,,,-,6,,
830 Eldegoss,,,-,,,,,-,-,-,,,-,6,,
831 Wooloo,,,,,,,,-,,-,,,-,8,,
832 Dubwool,,,,,,,,-,,-,,,-,8,,
833 Chewtle,-,-,-,-,-,-,-,-,-,-,-,-,-,0,,
834 Drednaw,-,-,-,-,-,-,-,-,-,-,-,-,-,0,,
835 Yamper,,,,,,,,-,-,-,,,-,7,,
836 Boltund,,,,,,,,-,-,-,,,-,7,,
837 Rolycoly,,,-,,,,,-,-,-,,,-,6,,
838 Carkol,,,-,,,,,-,-,-,,,-,6,,
839 Coalossal,,,-,,,,,-,-,,,,-,6,,
840 Applin,,,-,,,,,-,-,-,,,-,6,,
841 Flapple,,,-,,,,,-,-,,,,-,6,,
842 Appletun,,,-,,,,,-,-,,,,-,6,,
843 Silicobra,,,-,,,,,-,-,-,,,-,6,,
844 Sandaconda,,,-,,,,,-,-,,,,-,6,,
845 Cramorant,-,-,-,-,-,-,-,-,-,-,-,-,-,0,,
846 Arrokuda,-,-,-,-,-,-,-,-,-,-,-,-,-,0,,
847 Barraskewda,-,-,-,-,-,-,-,-,-,-,-,-,-,0,,
848 Toxel,,,,,,,,-,-,-,,,-,7,,
849 Toxtricity,,,,,,,,-,,,,,-,8,,
850 Sizzlipede,,,,,,,,-,-,-,,,-,7,,
851 Centiskorch,,,,,,,,-,-,,,,-,7,,
852 Clobbopus,,,-,,,,,-,-,-,,,-,6,,
853 Grapploct,,,-,,,,,-,-,-,,,-,6,,
854 Sinistea,,,,,,,,-,-,-,-,-,-,7,,
Antiue Form,,,,,,,,-,-,-,-,-,-,7,,
855 Polteageist,,,,,,,,-,-,-,-,-,-,7,,
856 Hatenna,,,,,,,,-,,-,-,-,-,8,,
857 Hattrem,,,,,,,,-,,-,-,-,-,8,,
858 Hatterene,,,,,,,,-,,,-,-,-,8,,
859 Impidimp,,,,,,,,-,-,-,-,-,-,7,,
860 Morgrem,,,,,,,,-,-,-,-,-,-,7,,
861 Grimmsnarl,,,,,,,,-,-,,-,-,-,7,,
862 Obstagoon,,,,,,,,-,-,-,,,-,7,,
863 Perrserker,,,,,,,,-,-,-,-,-,-,7,,
864 Cursola,,,,,,,,-,-,-,-,-,-,7,,
865 Sirfetch'd,,,,,,,,-,-,-,-,-,-,7,,
866 Mr. Rime,,,,,,,,-,-,-,-,-,-,7,,
867 Runerigus,,,,,,,,-,-,-,-,-,-,7,,
868 Milcery,-,-,-,-,-,-,-,-,-,-,-,-,-,0,,
869 Alcremie,-,-,-,-,-,-,-,-,-,-,-,-,-,0,,
870 Falinks,,,,,,,,,,-,-,-,-,9,,
871 Pincurchin,-,-,-,-,-,-,-,-,-,-,-,-,-,0,,
872 Snom,,,-,,,,,-,-,-,-,-,-,6,,
873 Frosmoth,,,-,,,,,-,-,-,-,-,-,6,,
874 Stonjourner,,,-,,,,,-,-,-,-,-,-,6,,
875 Eiscue,-,-,-,-,-,-,-,-,-,-,-,-,-,0,,
876 Indeedee,,,,,,,,-,-,-,-,-,-,7,,
877 Morpeko,,,-,,,,,-,-,-,-,-,-,6,,
878 Cufant,-,-,-,-,-,-,-,-,-,-,-,-,-,0,,
879 Copperajah,-,-,-,-,-,-,-,-,-,-,-,-,-,0,,
880 Dracozolt,-,-,-,-,-,-,-,-,-,-,-,-,-,0,,
881 Arctozolt,-,-,-,-,-,-,-,-,-,-,-,-,-,0,,
882 Dracovish,-,-,-,-,-,-,-,-,-,-,-,-,-,0,,
883 Arctovish,-,-,-,-,-,-,-,-,-,-,-,-,-,0,,
884 Duraludon,,,,,,,,-,,-,-,-,-,8,,
885 Dreepy,,,-,,,,,-,-,-,-,-,-,6,,
886 Drakloak,,,-,,,,,-,-,-,-,-,-,6,,
887 Dragapult,,,-,,,,,-,-,-,-,-,-,6,,
888 Zacian,,,,,,,,-,-,-,-,-,-,7,,
889 Zamazenta,,,,,,,,-,-,-,-,-,-,7,,
890 Eternatus,,,-,,,,,-,-,-,-,-,-,6,,
891 Kubfu,,,-,,,,,-,,-,-,-,-,7,,
892 Urshifu,,,-,,,,,-,,,-,-,-,7,,
893 Zarude,,,-,,,,,-,-,-,-,-,-,6,,
894 Regieleki,,,,,,,,-,-,-,-,-,-,7,,
895 Regidrago,,,,,,,,-,-,-,-,-,-,7,,
896 Glastrier,-,-,-,-,-,-,-,-,-,-,-,-,-,0,,
897 Spectrier,-,-,-,-,-,-,-,-,-,-,-,-,-,0,,
898 Calyrex,-,-,-,-,-,-,-,-,-,-,-,-,-,0,,
899 Wyrdeer,,,,,,,,-,-,-,-,-,-,7,,
900 Kleavor,,,,,,,,-,-,-,-,-,-,7,,
901 Ursaluna,,,,,,,,-,-,-,,,-,7,,
902 Basculegion,-,-,-,-,-,-,-,-,-,-,-,-,-,0,,
903 Sneasler,,,,,,,,-,-,-,,,-,7,,
904 Overqwil,,,,,,,,-,-,-,-,-,-,7,,
PALDEA,,,,,,,,,,,,,,99,,
905 Enamorus,,,-,,,,,-,-,-,-,-,-,6,,
906 Sprigatito,,,,,,,,-,-,-,-,-,-,7,,
907 Floragato,,,,,,,,-,-,-,-,-,-,7,,
908 Meowscarada,,,,,,,,-,-,-,-,-,-,7,,
909 Fuecoco,,,,,,,,-,-,-,-,-,-,7,,
910 Crocalor,,,,,,,,-,-,-,-,-,-,7,,
911 Skeledirge,,,,,,,,-,-,-,-,-,-,7,,
912 Quaxly,,,,,,,,-,-,-,-,-,-,7,,
913 Quaxwell,,,,,,,,-,-,-,-,-,-,7,,
914 Quaquaval,,,,,,,,-,-,-,-,-,-,7,,
915 Lechonk,,,,,,,,-,-,-,-,-,-,7,,
916 Oinkologne,,,,,,,,-,-,-,-,-,-,7,,
917 Tarountula,,,-,,,,,-,-,-,-,-,-,6,,
918 Spidops,,,-,,,,,-,-,-,-,-,-,6,,
919 Nymble,,,,,,,,-,-,-,-,-,-,7,,
920 Lokix,,,,,,,,-,-,-,-,-,-,7,,
921 Pawmi,,,,,,,,-,-,-,-,-,-,7,,
922 Pawmo,,,,,,,,-,-,-,-,-,-,7,,
923 Pawmot,,,,,,,,-,-,-,-,-,-,7,,
924 Tandemaus,,,,,,,,-,-,-,-,-,-,7,,
925 Maushold,,,,,,,,-,-,-,-,-,-,7,,
926 Fidough,,,,,,,,-,-,-,-,-,-,7,,
927 Dachsbun,,,,,,,,-,-,-,-,-,-,7,,
928 Smoliv,,,,,,,,-,-,-,-,-,-,7,,
929 Dolliv,,,,,,,,-,-,-,-,-,-,7,,
930 Arboliva,,,,,,,,-,-,-,-,-,-,7,,
931 Squawkabilly,,,,,,,,-,-,-,-,-,-,7,,
932 Nacli,,,,,,,,-,-,-,-,-,-,7,,
933 Naclstack,,,,,,,,-,-,-,-,-,-,7,,
934 Garganacl,,,,,,,,-,-,-,-,-,-,7,,
935 Charcadet,,,,,,,,-,-,-,-,-,-,7,,
936 Armarouge,,,,,,,,-,-,-,-,-,-,7,,
937 Ceruledge,,,,,,,,-,-,-,-,-,-,7,,
938 Tadbulb,,,,,,,,-,-,-,-,-,-,7,,
939 Bellibolt,,,,,,,,-,-,-,-,-,-,7,,
940 Wattrel,,,-,,,,,-,-,-,-,-,-,6,,
941 Kilowattrel,,,-,,,,,-,-,-,-,-,-,6,,
942 Maschiff,-,-,-,-,-,-,-,-,-,-,-,-,-,0,,
943 Mabosstiff,-,-,-,-,-,-,-,-,-,-,-,-,-,0,,
944 Shroodle,,,-,,,,,-,-,-,-,-,-,6,,
945 Grafaiai,,,-,,,,,-,-,-,-,-,-,6,,
946 Bramblin,-,-,-,-,-,-,-,-,-,-,-,-,-,0,,
947 Brambleghast,-,-,-,-,-,-,-,-,-,-,-,-,-,0,,
948 Toedscool,,,,,,,,-,-,-,-,-,-,7,,
949 Toedscruel,,,,,,,,-,-,-,-,-,-,7,,
950 Klawf,,,,,,,,-,-,-,-,-,-,7,,
951 Capsakid,-,-,-,-,-,-,-,-,-,-,-,-,-,0,,
952 Scovillain,-,-,-,-,-,-,-,-,-,-,-,-,-,0,,
953 Rellor,-,-,-,-,-,-,-,-,-,-,-,-,-,0,,
954 Rabsca,-,-,-,-,-,-,-,-,-,-,-,-,-,0,,
955 Flittle,,,-,,,,,-,-,-,-,-,-,6,,
956 Espathra,,,-,,,,,-,-,-,-,-,-,6,,
957 Tinkatink,,,,,,,,-,-,-,-,-,-,7,,
958 Tinkatuff,,,,,,,,-,-,-,-,-,-,7,,
959 Tinkaton,,,,,,,,-,-,-,-,-,-,7,,
960 Wiglett,,,,,,,,-,-,-,-,-,-,7,,
961 Wugtrio,,,,,,,,-,-,-,-,-,-,7,,
962 Bombirdier,,,,,,,,-,-,-,-,-,-,7,,
963 Finizen,-,-,-,-,-,-,-,-,-,-,-,-,-,0,,
964 Palafin,-,-,-,-,-,-,-,-,-,-,-,-,-,0,,
965 Varoom,,,,,,,,-,-,-,-,-,-,7,,
966 Revaroom,,,,,,,,-,-,-,-,-,-,7,,
967 Cyclizar,,,,,,,,-,-,-,-,-,-,7,,
968 Orthworm,,,,,,,,-,-,-,-,-,-,7,,
969 Glimmet,,,,,,,,-,-,-,-,-,-,7,,
970 Glimmora,,,,,,,,-,-,-,-,-,-,7,,
971 Greavard,,,-,,,,,-,-,-,-,-,-,6,,
972 Houndstone,,,-,,,,,-,-,-,-,-,-,6,,
973 Flamigo,,,,,,,,-,-,-,-,-,-,7,,
974 Cetoddle,,,,,,,,-,-,-,-,-,-,7,,
975 Cetitan,,,,,,,,-,-,-,-,-,-,7,,
976 Veluza,,,-,,,,,-,-,-,-,-,-,6,,
977 Dondozo,,,,,,,,-,-,-,-,-,-,7,,
978 Tatsugiri,,,-,,,,,-,-,-,-,-,-,6,,
979 Annihilape,,,,,,,,-,-,-,,,-,7,,
980 Clodsire,,,,,,,,-,-,-,-,-,-,7,,
981 Farigaraf,-,-,-,-,-,-,-,-,-,-,-,-,-,0,,
982 Dudunsparce,,,,,,,,-,-,-,-,-,-,7,,
983 Kingambit,,,,,,,,-,-,-,-,-,-,7,,
984 Great Tusk,-,-,-,-,-,-,-,-,-,-,-,-,-,0,,
985 Scream Tail,-,-,-,-,-,-,-,-,-,-,-,-,-,0,,
986 Brute Bonnet,-,-,-,-,-,-,-,-,-,-,-,-,-,0,,
987 Flutter Mane,-,-,-,-,-,-,-,-,-,-,-,-,-,0,,
988 Slither Wing,-,-,-,-,-,-,-,-,-,-,-,-,-,0,,
989 Sandy Shocks,-,-,-,-,-,-,-,-,-,-,-,-,-,0,,
990 Iron Treads,-,-,-,-,-,-,-,-,-,-,-,-,-,0,,
991 Iron Bundle,-,-,-,-,-,-,-,-,-,-,-,-,-,0,,
992 Iron Hands,-,-,-,-,-,-,-,-,-,-,-,-,-,0,,
993 Iron Jugulis,-,-,-,-,-,-,-,-,-,-,-,-,-,0,,
994 Iron Moth,-,-,-,-,-,-,-,-,-,-,-,-,-,0,,
995 Iron Thorns,-,-,-,-,-,-,-,-,-,-,-,-,-,0,,
996 Frigibax,,,,,,,,-,-,-,-,-,-,7,,
997 Arctibax,,,,,,,,-,-,-,-,-,-,7,,
998 Baxcalibur,,,,,,,,-,-,-,-,-,-,7,,
999 Gimmighoul,,,,,,,,-,-,-,-,-,-,7,,
1000 Gholdengo,,,,,,,,-,-,-,-,-,-,7,,
1001 Wo-Chien,-,-,-,-,-,-,-,-,-,-,-,-,-,0,,
1002 Chien-Pao,-,-,-,-,-,-,-,-,-,-,-,-,-,0,,
1003 Ting-Lu,-,-,-,-,-,-,-,-,-,-,-,-,-,0,,
1004 Chi-Yu,-,-,-,-,-,-,-,-,-,-,-,-,-,0,,
1005 Roaring Moon,-,-,-,-,-,-,-,-,-,-,-,-,-,0,,
1006 Iron Valiant,-,-,-,-,-,-,-,-,-,-,-,-,-,0,,
1007 Koraidon,-,-,-,-,-,-,-,-,-,-,-,-,-,0,,
1008 Miraidon,-,-,-,-,-,-,-,-,-,-,-,-,-,0,,
1009 Walking Wake,-,-,-,-,-,-,-,-,-,-,-,-,-,0,,
1010 Iron Leaves,-,-,-,-,-,-,-,-,-,-,-,-,-,0,,
1011 Dipplin,,,,,,,,-,-,-,-,-,-,7,,
1012 Poltchageist,,,,,,,,-,-,-,-,-,-,7,,
1012 Sinistchai,,,,,,,,-,-,-,-,-,-,7,,
1014 Okidogi,-,-,-,-,-,-,-,-,-,-,-,-,-,0,,
1015 Munkidori,-,-,-,-,-,-,-,-,-,-,-,-,-,0,,
1016 Fezanipiti,-,-,-,-,-,-,-,-,-,-,-,-,-,0,,
1017 Ogrepon,-,-,-,-,-,-,-,-,-,-,-,-,-,0,,
1018 Archaludon,-,-,-,-,-,-,-,-,-,-,-,-,-,0,,
1019 Hydrapple,,,,,,,,-,-,-,-,-,-,7,,
1020 Gouging Fire,-,-,-,-,-,-,-,-,-,-,-,-,-,0,,
1021 Raging Bolt,-,-,-,-,-,-,-,-,-,-,-,-,-,0,,
1022 Iron Boulder,-,-,-,-,-,-,-,-,-,-,-,-,-,0,,
1023 Iron Crown,-,-,-,-,-,-,-,-,-,-,-,-,-,0,,
1024 Terapagos,-,-,-,-,-,-,-,-,-,-,-,-,-,0,,
1025 Pecharunt,-,-,-,-,-,-,-,-,-,-,-,-,-,0,,