species_slug,dex_number,species_name,family_slug,generation,rarity,region_slug,has_male,has_female,can_mega_evolve,form_slug,form_name,costume_name,gender,evolves,shiny_available,shadow_available,dynamax_available,gigantamax_available,regional_exclusive,image_ref,types
pichu,,,,,,,,,,pichu-standard-festive-hat-male,Standard,Festive hat,male,true,true,false,false,false,false,,electric
pichu,,,,,,,,,,pichu-standard-festive-hat-female,Standard,Festive hat,female,true,true,false,false,false,false,,electric
pikachu,,,,,,,,,,pikachu-standard-festive-hat-male,Standard,Festive hat,male,true,true,false,false,false,false,,electric
pikachu,,,,,,,,,,pikachu-standard-festive-hat-female,Standard,Festive hat,female,true,true,false,false,false,false,,electric
raichu,,,,,,,,,,raichu-standard-festive-hat-male,Standard,Festive hat,male,false,true,false,false,false,false,,electric
raichu,,,,,,,,,,raichu-standard-festive-hat-female,Standard,Festive hat,female,false,true,false,false,false,false,,electric
pichu,,,,,,,,,,pichu-standard-party-hat-male,Standard,Party hat,male,true,true,false,false,false,false,,electric
pichu,,,,,,,,,,pichu-standard-party-hat-female,Standard,Party hat,female,true,true,false,false,false,false,,electric
pikachu,,,,,,,,,,pikachu-standard-party-hat-male,Standard,Party hat,male,true,true,false,false,false,false,,electric
pikachu,,,,,,,,,,pikachu-standard-party-hat-female,Standard,Party hat,female,true,true,false,false,false,false,,electric
raichu,,,,,,,,,,raichu-standard-party-hat-male,Standard,Party hat,male,false,true,false,false,false,false,,electric
raichu,,,,,,,,,,raichu-standard-party-hat-female,Standard,Party hat,female,false,true,false,false,false,false,,electric
pichu,,,,,,,,,,pichu-standard-cap-pikachu-male,Standard,Cap Pikachu,male,true,true,false,false,false,false,,electric
pichu,,,,,,,,,,pichu-standard-cap-pikachu-female,Standard,Cap Pikachu,female,true,true,false,false,false,false,,electric
pikachu,,,,,,,,,,pikachu-standard-cap-pikachu-o-male,Standard,Cap Pikachu (O),male,true,true,false,false,false,false,,electric
pikachu,,,,,,,,,,pikachu-standard-cap-pikachu-o-female,Standard,Cap Pikachu (O),female,true,true,false,false,false,false,,electric
pikachu,,,,,,,,,,pikachu-standard-cap-pikachu-w-male,Standard,Cap Pikachu (W),male,true,true,false,false,false,false,,electric
pikachu,,,,,,,,,,pikachu-standard-cap-pikachu-w-female,Standard,Cap Pikachu (W),female,true,true,false,false,false,false,,electric
raichu,,,,,,,,,,raichu-standard-cap-pikachu-o-male,Standard,Cap Pikachu (O),male,false,true,false,false,false,false,,electric
raichu,,,,,,,,,,raichu-standard-cap-pikachu-o-female,Standard,Cap Pikachu (O),female,false,true,false,false,false,false,,electric
raichu,,,,,,,,,,raichu-standard-cap-pikachu-w-male,Standard,Cap Pikachu (W),male,false,true,false,false,false,false,,electric
raichu,,,,,,,,,,raichu-standard-cap-pikachu-w-female,Standard,Cap Pikachu (W),female,false,true,false,false,false,false,,electric
pichu,,,,,,,,,,pichu-standard-witch-hat-male,Standard,Witch hat,male,true,true,false,false,false,false,,electric
pichu,,,,,,,,,,pichu-standard-witch-hat-female,Standard,Witch hat,female,true,true,false,false,false,false,,electric
pikachu,,,,,,,,,,pikachu-standard-witch-hat-male,Standard,Witch hat,male,true,true,false,false,false,false,,electric
pikachu,,,,,,,,,,pikachu-standard-witch-hat-female,Standard,Witch hat,female,true,true,false,false,false,false,,electric
raichu,,,,,,,,,,raichu-standard-witch-hat-male,Standard,Witch hat,male,false,true,false,false,false,false,,electric
raichu,,,,,,,,,,raichu-standard-witch-hat-female,Standard,Witch hat,female,false,true,false,false,false,false,,electric
teddiursa,,,,,,,,,,teddiursa-standard-witch-hat-male,Standard,Witch hat,male,true,true,false,false,false,false,,normal
teddiursa,,,,,,,,,,teddiursa-standard-witch-hat-female,Standard,Witch hat,female,true,true,false,false,false,false,,normal
ursaring,,,,,,,,,,ursaring-standard-witch-hat-male,Standard,Witch hat,male,false,true,false,false,false,false,,normal
ursaring,,,,,,,,,,ursaring-standard-witch-hat-female,Standard,Witch hat,female,false,true,false,false,false,false,,normal
ursaluna,,,,,,,,,,ursaluna-standard-witch-hat-male,Standard,Witch hat,male,false,true,false,false,false,false,,ground;normal
ursaluna,,,,,,,,,,ursaluna-standard-witch-hat-female,Standard,Witch hat,female,false,true,false,false,false,false,,ground;normal
pichu,,,,,,,,,,pichu-standard-summer-style-male,Standard,Summer-style,male,true,true,false,false,false,false,,electric
pichu,,,,,,,,,,pichu-standard-summer-style-female,Standard,Summer-style,female,true,true,false,false,false,false,,electric
pikachu,,,,,,,,,,pikachu-standard-summer-style-male,Standard,Summer-style,male,true,true,false,false,false,false,,electric
pikachu,,,,,,,,,,pikachu-standard-summer-style-female,Standard,Summer-style,female,true,true,false,false,false,false,,electric
raichu,,,,,,,,,,raichu-standard-summer-style-male,Standard,Summer-style,male,false,true,false,false,false,false,,electric
raichu,,,,,,,,,,raichu-standard-summer-style-female,Standard,Summer-style,female,false,true,false,false,false,false,,electric
squirtle,,,,,,,,,,squirtle-standard-squirtle-squad-sunglasses-male,Standard,Squirtle Squad sunglasses,male,true,true,false,false,false,false,,water
squirtle,,,,,,,,,,squirtle-standard-squirtle-squad-sunglasses-female,Standard,Squirtle Squad sunglasses,female,true,true,false,false,false,false,,water
wartortle,,,,,,,,,,wartortle-standard-squirtle-squad-sunglasses-male,Standard,Squirtle Squad sunglasses,male,false,true,false,false,false,false,,water
wartortle,,,,,,,,,,wartortle-standard-squirtle-squad-sunglasses-female,Standard,Squirtle Squad sunglasses,female,false,true,false,false,false,false,,water
blastoise,,,,,,,,,,blastoise-standard-squirtle-squad-sunglasses-male,Standard,Squirtle Squad sunglasses,male,false,true,false,false,false,false,,water
blastoise,,,,,,,,,,blastoise-standard-squirtle-squad-sunglasses-female,Standard,Squirtle Squad sunglasses,female,false,true,false,false,false,false,,water
pikachu,,,,,,,,,,pikachu-standard-h-f-custom-cap-male,Standard,H.F. Custom Cap,male,true,true,false,false,false,false,,electric
pikachu,,,,,,,,,,pikachu-standard-h-f-custom-cap-female,Standard,H.F. Custom Cap,female,true,true,false,false,false,false,,electric
raichu,,,,,,,,,,raichu-standard-h-f-custom-cap-male,Standard,H.F. Custom Cap,male,false,true,false,false,false,false,,electric
raichu,,,,,,,,,,raichu-standard-h-f-custom-cap-female,Standard,H.F. Custom Cap,female,false,true,false,false,false,false,,electric
pichu,,,,,,,,,,pichu-standard-flower-crown-male,Standard,Flower crown,male,true,true,false,false,false,false,,electric
pichu,,,,,,,,,,pichu-standard-flower-crown-female,Standard,Flower crown,female,true,true,false,false,false,false,,electric
pikachu,,,,,,,,,,pikachu-standard-flower-crown-male,Standard,Flower crown,male,true,true,false,false,false,false,,electric
pikachu,,,,,,,,,,pikachu-standard-flower-crown-female,Standard,Flower crown,female,true,true,false,false,false,false,,electric
raichu,,,,,,,,,,raichu-standard-flower-crown-male,Standard,Flower crown,male,false,true,false,false,false,false,,electric
raichu,,,,,,,,,,raichu-standard-flower-crown-female,Standard,Flower crown,female,false,true,false,false,false,false,,electric
eevee,,,,,,,,,,eevee-standard-flower-crown-male,Standard,Flower crown,male,true,true,false,false,false,false,,normal
eevee,,,,,,,,,,eevee-standard-flower-crown-female,Standard,Flower crown,female,true,true,false,false,false,false,,normal
vaporeon,,,,,,,,,,vaporeon-standard-flower-crown-male,Standard,Flower crown,male,false,true,false,false,false,false,,water
vaporeon,,,,,,,,,,vaporeon-standard-flower-crown-female,Standard,Flower crown,female,false,true,false,false,false,false,,water
jolteon,,,,,,,,,,jolteon-standard-flower-crown-male,Standard,Flower crown,male,false,true,false,false,false,false,,electric
jolteon,,,,,,,,,,jolteon-standard-flower-crown-female,Standard,Flower crown,female,false,true,false,false,false,false,,electric
flareon,,,,,,,,,,flareon-standard-flower-crown-male,Standard,Flower crown,male,false,true,false,false,false,false,,fire
flareon,,,,,,,,,,flareon-standard-flower-crown-female,Standard,Flower crown,female,false,true,false,false,false,false,,fire
espeon,,,,,,,,,,espeon-standard-flower-crown-male,Standard,Flower crown,male,false,true,false,false,false,false,,psychic
espeon,,,,,,,,,,espeon-standard-flower-crown-female,Standard,Flower crown,female,false,true,false,false,false,false,,psychic
umbreon,,,,,,,,,,umbreon-standard-flower-crown-male,Standard,Flower crown,male,false,true,false,false,false,false,,dark
umbreon,,,,,,,,,,umbreon-standard-flower-crown-female,Standard,Flower crown,female,false,true,false,false,false,false,,dark
leafeon,,,,,,,,,,leafeon-standard-flower-crown-male,Standard,Flower crown,male,false,true,false,false,false,false,,grass
leafeon,,,,,,,,,,leafeon-standard-flower-crown-female,Standard,Flower crown,female,false,true,false,false,false,false,,grass
glaceon,,,,,,,,,,glaceon-standard-flower-crown-male,Standard,Flower crown,male,false,true,false,false,false,false,,ice
glaceon,,,,,,,,,,glaceon-standard-flower-crown-female,Standard,Flower crown,female,false,true,false,false,false,false,,ice
sylveon,,,,,,,,,,sylveon-standard-flower-crown-male,Standard,Flower crown,male,false,true,false,false,false,false,,fairy
sylveon,,,,,,,,,,sylveon-standard-flower-crown-female,Standard,Flower crown,female,false,true,false,false,false,false,,fairy
togepi,,,,,,,,,,togepi-standard-flower-crown-male,Standard,Flower crown,male,true,true,false,false,false,false,,fairy
togepi,,,,,,,,,,togepi-standard-flower-crown-female,Standard,Flower crown,female,true,true,false,false,false,false,,fairy
togetic,,,,,,,,,,togetic-standard-flower-crown-male,Standard,Flower crown,male,true,true,false,false,false,false,,fairy;flying
togetic,,,,,,,,,,togetic-standard-flower-crown-female,Standard,Flower crown,female,true,true,false,false,false,false,,fairy;flying
togekiss,,,,,,,,,,togekiss-standard-flower-crown-male,Standard,Flower crown,male,false,true,false,false,false,false,,fairy;flying
togekiss,,,,,,,,,,togekiss-standard-flower-crown-female,Standard,Flower crown,female,false,true,false,false,false,false,,fairy;flying
buneary,,,,,,,,,,buneary-standard-flower-crown-male,Standard,Flower crown,male,true,true,false,false,false,false,,normal
buneary,,,,,,,,,,buneary-standard-flower-crown-female,Standard,Flower crown,female,true,true,false,false,false,false,,normal
lopunny,,,,,,,,,,lopunny-standard-flower-crown-male,Standard,Flower crown,male,false,true,false,false,false,false,,normal
lopunny,,,,,,,,,,lopunny-standard-flower-crown-female,Standard,Flower crown,female,false,true,false,false,false,false,,normal
happiny,,,,,,,,,,happiny-standard-flower-crown-female,Standard,Flower crown,female,true,true,false,false,false,false,,normal
chansey,,,,,,,,,,chansey-standard-flower-crown-female,Standard,Flower crown,female,true,true,false,false,false,false,,normal
blissey,,,,,,,,,,blissey-standard-flower-crown-female,Standard,Flower crown,female,false,true,false,false,false,false,,normal
cottonee,,,,,,,,,,cottonee-standard-flower-crown-male,Standard,Flower crown,male,true,true,false,false,false,false,,grass;fairy
cottonee,,,,,,,,,,cottonee-standard-flower-crown-female,Standard,Flower crown,female,true,true,false,false,false,false,,grass;fairy
whimsicott,,,,,,,,,,whimsicott-standard-flower-crown-male,Standard,Flower crown,male,false,true,false,false,false,false,,grass;fairy
whimsicott,,,,,,,,,,whimsicott-standard-flower-crown-female,Standard,Flower crown,female,false,true,false,false,false,false,,grass;fairy
pikachu,,,,,,,,,,pikachu-standard-detective-pikachu-male,Standard,Detective Pikachu,male,true,true,false,false,false,false,,electric
pikachu,,,,,,,,,,pikachu-standard-detective-pikachu-female,Standard,Detective Pikachu,female,true,true,false,false,false,false,,electric
raichu,,,,,,,,,,raichu-standard-detective-pikachu-male,Standard,Detective Pikachu,male,false,true,false,false,false,false,,electric
raichu,,,,,,,,,,raichu-standard-detective-pikachu-female,Standard,Detective Pikachu,female,false,true,false,false,false,false,,electric
mewtwo,,,,,,,,,,mewtwo-standard-armored-mewtwo-unknown,Standard,Armored Mewtwo,unknown,false,false,false,false,false,false,,psychic
pikachu,,,,,,,,,,pikachu-standard-straw-hat-male,Standard,Straw hat,male,false,true,false,false,false,false,,electric
pikachu,,,,,,,,,,pikachu-standard-straw-hat-female,Standard,Straw hat,female,false,true,false,false,false,false,,electric
bulbasaur,,,,,,,,,,bulbasaur-standard-shedinja-costume-male,Standard,Shedinja Costume,male,false,true,false,false,false,false,,grass;poison
bulbasaur,,,,,,,,,,bulbasaur-standard-shedinja-costume-female,Standard,Shedinja Costume,female,false,true,false,false,false,false,,grass;poison
charmander,,,,,,,,,,charmander-standard-cubone-costume-male,Standard,Cubone Costume,male,false,true,false,false,false,false,,fire
charmander,,,,,,,,,,charmander-standard-cubone-costume-female,Standard,Cubone Costume,female,false,true,false,false,false,false,,fire
squirtle,,,,,,,,,,squirtle-standard-yamask-costume-male,Standard,Yamask Costume,male,false,true,false,false,false,false,,water
squirtle,,,,,,,,,,squirtle-standard-yamask-costume-female,Standard,Yamask Costume,female,false,true,false,false,false,false,,water
pikachu,,,,,,,,,,pikachu-standard-mimikyu-costume-male,Standard,Mimikyu Costume,male,false,true,false,false,false,false,,electric
pikachu,,,,,,,,,,pikachu-standard-mimikyu-costume-female,Standard,Mimikyu Costume,female,false,true,false,false,false,false,,electric
pichu,,,,,,,,,,pichu-standard-beanie-hat-male,Standard,Beanie hat,male,true,true,false,false,false,false,,electric
pichu,,,,,,,,,,pichu-standard-beanie-hat-female,Standard,Beanie hat,female,true,true,false,false,false,false,,electric
pikachu,,,,,,,,,,pikachu-standard-beanie-hat-male,Standard,Beanie hat,male,true,true,false,false,false,false,,electric
pikachu,,,,,,,,,,pikachu-standard-beanie-hat-female,Standard,Beanie hat,female,true,true,false,false,false,false,,electric
raichu,,,,,,,,,,raichu-standard-beanie-hat-male,Standard,Beanie hat,male,false,true,false,false,false,false,,electric
raichu,,,,,,,,,,raichu-standard-beanie-hat-female,Standard,Beanie hat,female,false,true,false,false,false,false,,electric
stantler,,,,,,,,,,stantler-standard-holiday-outfit-male,Standard,Holiday outfit,male,false,true,false,false,false,false,,normal
stantler,,,,,,,,,,stantler-standard-holiday-outfit-female,Standard,Holiday outfit,female,false,true,false,false,false,false,,normal
spheal,,,,,,,,,,spheal-standard-holiday-outfit-male,Standard,Holiday outfit,male,false,true,false,false,false,false,,ice;water
spheal,,,,,,,,,,spheal-standard-holiday-outfit-female,Standard,Holiday outfit,female,false,true,false,false,false,false,,ice;water
pikachu,,,,,,,,,,pikachu-standard-holiday-outfit-male,Standard,Holiday outfit,male,true,true,false,false,false,false,,electric
pikachu,,,,,,,,,,pikachu-standard-holiday-outfit-female,Standard,Holiday outfit,female,true,true,false,false,false,false,,electric
raichu,,,,,,,,,,raichu-standard-holiday-outfit-male,Standard,Holiday outfit,male,false,true,false,false,false,false,,electric
raichu,,,,,,,,,,raichu-standard-holiday-outfit-female,Standard,Holiday outfit,female,false,true,false,false,false,false,,electric
psyduck,,,,,,,,,,psyduck-standard-holiday-outfit-male,Standard,Holiday outfit,male,true,true,false,false,false,false,,water
psyduck,,,,,,,,,,psyduck-standard-holiday-outfit-female,Standard,Holiday outfit,female,true,true,false,false,false,false,,water
golduck,,,,,,,,,,golduck-standard-holiday-outfit-male,Standard,Holiday outfit,male,false,true,false,false,false,false,,water
golduck,,,,,,,,,,golduck-standard-holiday-outfit-female,Standard,Holiday outfit,female,false,true,false,false,false,false,,water
raticate,,,,,,,,,,raticate-standard-party-hat-green-male,Standard,Party hat (green),male,false,true,false,false,false,false,,normal
raticate,,,,,,,,,,raticate-standard-party-hat-green-female,Standard,Party hat (green),female,false,true,false,false,false,false,,normal
wobbuffet,,,,,,,,,,wobbuffet-standard-party-hat-green-male,Standard,Party hat (green),male,false,true,false,false,false,false,,psychic
wobbuffet,,,,,,,,,,wobbuffet-standard-party-hat-green-female,Standard,Party hat (green),female,false,true,false,false,false,false,,psychic
wurmple,,,,,,,,,,wurmple-standard-party-hat-green-male,Standard,Party hat (green),male,false,true,false,false,false,false,,bug
wurmple,,,,,,,,,,wurmple-standard-party-hat-green-female,Standard,Party hat (green),female,false,true,false,false,false,false,,bug
bulbasaur,,,,,,,,,,bulbasaur-standard-party-hat-red-male,Standard,Party hat (red),male,true,true,false,false,false,false,,grass;poison
bulbasaur,,,,,,,,,,bulbasaur-standard-party-hat-red-female,Standard,Party hat (red),female,true,true,false,false,false,false,,grass;poison
ivysaur,,,,,,,,,,ivysaur-standard-party-hat-red-male,Standard,Party hat (red),male,false,true,false,false,false,false,,grass;poison
ivysaur,,,,,,,,,,ivysaur-standard-party-hat-red-female,Standard,Party hat (red),female,false,true,false,false,false,false,,grass;poison
venusaur,,,,,,,,,,venusaur-standard-party-hat-red-male,Standard,Party hat (red),male,false,true,false,false,false,false,,grass;poison
venusaur,,,,,,,,,,venusaur-standard-party-hat-red-female,Standard,Party hat (red),female,false,true,false,false,false,false,,grass;poison
charmander,,,,,,,,,,charmander-standard-party-hat-red-male,Standard,Party hat (red),male,true,true,false,false,false,false,,fire
charmander,,,,,,,,,,charmander-standard-party-hat-red-female,Standard,Party hat (red),female,true,true,false,false,false,false,,fire
charizard,,,,,,,,,,charizard-standard-party-hat-red-male,Standard,Party hat (red),male,true,true,false,false,false,false,,fire;flying
charizard,,,,,,,,,,charizard-standard-party-hat-red-female,Standard,Party hat (red),female,true,true,false,false,false,false,,fire;flying
charmeleon,,,,,,,,,,charmeleon-standard-party-hat-red-male,Standard,Party hat (red),male,false,true,false,false,false,false,,fire
charmeleon,,,,,,,,,,charmeleon-standard-party-hat-red-female,Standard,Party hat (red),female,false,true,false,false,false,false,,fire
squirtle,,,,,,,,,,squirtle-standard-party-hat-red-male,Standard,Party hat (red),male,true,true,false,false,false,false,,water
squirtle,,,,,,,,,,squirtle-standard-party-hat-red-female,Standard,Party hat (red),female,true,true,false,false,false,false,,water
blastoise,,,,,,,,,,blastoise-standard-party-hat-red-male,Standard,Party hat (red),male,true,true,false,false,false,false,,water
blastoise,,,,,,,,,,blastoise-standard-party-hat-red-female,Standard,Party hat (red),female,true,true,false,false,false,false,,water
wartortle,,,,,,,,,,wartortle-standard-party-hat-red-male,Standard,Party hat (red),male,false,true,false,false,false,false,,water
wartortle,,,,,,,,,,wartortle-standard-party-hat-red-female,Standard,Party hat (red),female,false,true,false,false,false,false,,water
pikachu,,,,,,,,,,pikachu-standard-party-hat-red-male,Standard,Party hat (red),male,false,true,false,false,false,false,,electric
pikachu,,,,,,,,,,pikachu-standard-party-hat-red-female,Standard,Party hat (red),female,false,true,false,false,false,false,,electric
eevee,,,,,,,,,,eevee-standard-party-hat-red-male,Standard,Party hat (red),male,false,true,false,false,false,false,,normal
eevee,,,,,,,,,,eevee-standard-party-hat-red-female,Standard,Party hat (red),female,false,true,false,false,false,false,,normal
nidorino,,,,,,,,,,nidorino-standard-party-hat-red-male,Standard,Party hat (red),male,false,true,false,false,false,false,,poison
gengar,,,,,,,,,,gengar-standard-party-hat-red-male,Standard,Party hat (red),male,false,true,false,false,false,false,,ghost;poison
gengar,,,,,,,,,,gengar-standard-party-hat-red-female,Standard,Party hat (red),female,false,true,false,false,false,false,,ghost;poison
grimer,,,,,,,,,,grimer-standard-party-hat-red-male,Standard,Party hat (red),male,true,true,false,false,false,false,,poison
grimer,,,,,,,,,,grimer-standard-party-hat-red-female,Standard,Party hat (red),female,true,true,false,false,false,false,,poison
muk,,,,,,,,,,muk-standard-party-hat-red-male,Standard,Party hat (red),male,false,true,false,false,false,false,,poison
muk,,,,,,,,,,muk-standard-party-hat-red-female,Standard,Party hat (red),female,false,true,false,false,false,false,,poison
venusaur,,,,,,,,,,venusaur-standard-clone-male,Standard,Clone,male,false,false,false,false,false,false,,grass;poison
venusaur,,,,,,,,,,venusaur-standard-clone-female,Standard,Clone,female,false,false,false,false,false,false,,grass;poison
charizard,,,,,,,,,,charizard-standard-clone-male,Standard,Clone,male,false,false,false,false,false,false,,fire;flying
charizard,,,,,,,,,,charizard-standard-clone-female,Standard,Clone,female,false,false,false,false,false,false,,fire;flying
blastoise,,,,,,,,,,blastoise-standard-clone-male,Standard,Clone,male,false,false,false,false,false,false,,water
blastoise,,,,,,,,,,blastoise-standard-clone-female,Standard,Clone,female,false,false,false,false,false,false,,water
pikachu,,,,,,,,,,pikachu-standard-clone-male,Standard,Clone,male,false,false,false,false,false,false,,electric
pikachu,,,,,,,,,,pikachu-standard-clone-female,Standard,Clone,female,false,false,false,false,false,false,,electric
pikachu,,,,,,,,,,pikachu-standard-cosplay-pikachu-libre-male,Standard,Cosplay Pikachu (Libre),male,false,true,false,false,false,false,,electric
pikachu,,,,,,,,,,pikachu-standard-cosplay-pikachu-libre-female,Standard,Cosplay Pikachu (Libre),female,false,true,false,false,false,false,,electric
pikachu,,,,,,,,,,pikachu-standard-cosplay-pikachu-pop-star-male,Standard,Cosplay Pikachu (Pop Star),male,false,true,false,false,false,false,,electric
pikachu,,,,,,,,,,pikachu-standard-cosplay-pikachu-pop-star-female,Standard,Cosplay Pikachu (Pop Star),female,false,true,false,false,false,false,,electric
pikachu,,,,,,,,,,pikachu-standard-cosplay-pikachu-rock-star-male,Standard,Cosplay Pikachu (Rock Star),male,false,true,false,false,false,false,,electric
pikachu,,,,,,,,,,pikachu-standard-cosplay-pikachu-rock-star-female,Standard,Cosplay Pikachu (Rock Star),female,false,true,false,false,false,false,,electric
pikachu,,,,,,,,,,pikachu-standard-cosplay-pikachu-ph-d-male,Standard,Cosplay Pikachu (Ph.D.),male,false,false,false,false,false,false,,electric
pikachu,,,,,,,,,,pikachu-standard-cosplay-pikachu-ph-d-female,Standard,Cosplay Pikachu (Ph.D.),female,false,false,false,false,false,false,,electric
pikachu,,,,,,,,,,pikachu-standard-safari-hat-male,Standard,Safari hat,male,false,true,false,false,false,false,,electric
pikachu,,,,,,,,,,pikachu-standard-safari-hat-female,Standard,Safari hat,female,false,true,false,false,false,false,,electric
pikachu,,,,,,,,,,pikachu-standard-flower-hat-male,Standard,Flower hat,male,false,true,false,false,false,false,,electric
pikachu,,,,,,,,,,pikachu-standard-flower-hat-female,Standard,Flower hat,female,false,true,false,false,false,false,,electric
pikachu,,,,,,,,,,pikachu-standard-charizard-hat-male,Standard,Charizard hat,male,false,true,false,false,false,false,,electric
pikachu,,,,,,,,,,pikachu-standard-charizard-hat-female,Standard,Charizard hat,female,false,true,false,false,false,false,,electric
pikachu,,,,,,,,,,pikachu-standard-umbreon-hat-male,Standard,Umbreon hat,male,false,true,false,false,false,false,,electric
pikachu,,,,,,,,,,pikachu-standard-umbreon-hat-female,Standard,Umbreon hat,female,false,true,false,false,false,false,,electric
pikachu,,,,,,,,,,pikachu-standard-rayquaza-hat-male,Standard,Rayquaza hat,male,false,true,false,false,false,false,,electric
pikachu,,,,,,,,,,pikachu-standard-rayquaza-hat-female,Standard,Rayquaza hat,female,false,true,false,false,false,false,,electric
pikachu,,,,,,,,,,pikachu-standard-lucario-hat-male,Standard,Lucario hat,male,false,true,false,false,false,false,,electric
pikachu,,,,,,,,,,pikachu-standard-lucario-hat-female,Standard,Lucario hat,female,false,true,false,false,false,false,,electric
pikachu,,,,,,,,,,pikachu-standard-flying-pikachu-fly-male,Standard,Flying Pikachu (Fly),male,false,true,false,false,false,false,,electric
pikachu,,,,,,,,,,pikachu-standard-flying-pikachu-fly-female,Standard,Flying Pikachu (Fly),female,false,true,false,false,false,false,,electric
pikachu,,,,,,,,,,pikachu-standard-flying-pikachu-fly5-male,Standard,Flying Pikachu (Fly5),male,false,true,false,false,false,false,,electric
pikachu,,,,,,,,,,pikachu-standard-flying-pikachu-fly5-female,Standard,Flying Pikachu (Fly5),female,false,true,false,false,false,false,,electric
pikachu,,,,,,,,,,pikachu-standard-flying-pikachu-flyokinawa-male,Standard,Flying Pikachu (FlyOkinawa),male,false,true,false,false,false,false,,electric
pikachu,,,,,,,,,,pikachu-standard-flying-pikachu-flyokinawa-female,Standard,Flying Pikachu (FlyOkinawa),female,false,true,false,false,false,false,,electric
pikachu,,,,,,,,,,pikachu-standard-flying-pikachu-flygreen-male,Standard,Flying Pikachu (FlyGreen),male,false,true,false,false,false,false,,electric
pikachu,,,,,,,,,,pikachu-standard-flying-pikachu-flygreen-female,Standard,Flying Pikachu (FlyGreen),female,false,true,false,false,false,false,,electric
pikachu,,,,,,,,,,pikachu-standard-flying-pikachu-flypurple-male,Standard,Flying Pikachu (FlyPurple),male,false,true,false,false,false,false,,electric
pikachu,,,,,,,,,,pikachu-standard-flying-pikachu-flypurple-female,Standard,Flying Pikachu (FlyPurple),female,false,true,false,false,false,false,,electric
pikachu,,,,,,,,,,pikachu-standard-flying-pikachu-flyorange-male,Standard,Flying Pikachu (FlyOrange),male,false,true,false,false,false,false,,electric
pikachu,,,,,,,,,,pikachu-standard-flying-pikachu-flyorange-female,Standard,Flying Pikachu (FlyOrange),female,false,true,false,false,false,false,,electric
pikachu,,,,,,,,,,pikachu-standard-flying-pikachu-flyred-male,Standard,Flying Pikachu (FlyRed),male,false,true,false,false,false,false,,electric
pikachu,,,,,,,,,,pikachu-standard-flying-pikachu-flyred-female,Standard,Flying Pikachu (FlyRed),female,false,true,false,false,false,false,,electric
bulbasaur,,,,,,,,,,bulbasaur-standard-pikachu-visor-male,Standard,Pikachu visor,male,false,true,false,false,false,false,,grass;poison
bulbasaur,,,,,,,,,,bulbasaur-standard-pikachu-visor-female,Standard,Pikachu visor,female,false,true,false,false,false,false,,grass;poison
ivysaur,,,,,,,,,,ivysaur-standard-pikachu-visor-male,Standard,Pikachu visor,male,false,true,false,false,false,false,,grass;poison
ivysaur,,,,,,,,,,ivysaur-standard-pikachu-visor-female,Standard,Pikachu visor,female,false,true,false,false,false,false,,grass;poison
venusaur,,,,,,,,,,venusaur-standard-pikachu-visor-male,Standard,Pikachu visor,male,false,true,false,false,false,false,,grass;poison
venusaur,,,,,,,,,,venusaur-standard-pikachu-visor-female,Standard,Pikachu visor,female,false,true,false,false,false,false,,grass;poison
charmander,,,,,,,,,,charmander-standard-pikachu-visor-male,Standard,Pikachu visor,male,false,true,false,false,false,false,,fire
charmander,,,,,,,,,,charmander-standard-pikachu-visor-female,Standard,Pikachu visor,female,false,true,false,false,false,false,,fire
charmeleon,,,,,,,,,,charmeleon-standard-pikachu-visor-male,Standard,Pikachu visor,male,false,true,false,false,false,false,,fire
charmeleon,,,,,,,,,,charmeleon-standard-pikachu-visor-female,Standard,Pikachu visor,female,false,true,false,false,false,false,,fire
charizard,,,,,,,,,,charizard-standard-pikachu-visor-male,Standard,Pikachu visor,male,false,true,false,false,false,false,,fire;flying
charizard,,,,,,,,,,charizard-standard-pikachu-visor-female,Standard,Pikachu visor,female,false,true,false,false,false,false,,fire;flying
squirtle,,,,,,,,,,squirtle-standard-pikachu-visor-male,Standard,Pikachu visor,male,false,true,false,false,false,false,,water
squirtle,,,,,,,,,,squirtle-standard-pikachu-visor-female,Standard,Pikachu visor,female,false,true,false,false,false,false,,water
wartortle,,,,,,,,,,wartortle-standard-pikachu-visor-male,Standard,Pikachu visor,male,false,true,false,false,false,false,,water
wartortle,,,,,,,,,,wartortle-standard-pikachu-visor-female,Standard,Pikachu visor,female,false,true,false,false,false,false,,water
blastoise,,,,,,,,,,blastoise-standard-pikachu-visor-male,Standard,Pikachu visor,male,false,true,false,false,false,false,,water
blastoise,,,,,,,,,,blastoise-standard-pikachu-visor-female,Standard,Pikachu visor,female,false,true,false,false,false,false,,water
smoochum,,,,,,,,,,smoochum-standard-fashionable-costume-female,Standard,Fashionable costume,female,false,true,false,false,false,false,,ice;psychic
kirlia,,,,,,,,,,kirlia-standard-fashionable-costume-male,Standard,Fashionable costume,male,false,true,false,false,false,false,,psychic;fairy
kirlia,,,,,,,,,,kirlia-standard-fashionable-costume-female,Standard,Fashionable costume,female,false,true,false,false,false,false,,psychic;fairy
shinx,,,,,,,,,,shinx-standard-fashionable-costume-male,Standard,Fashionable costume,male,false,true,false,false,false,false,,electric
shinx,,,,,,,,,,shinx-standard-fashionable-costume-female,Standard,Fashionable costume,female,false,true,false,false,false,false,,electric
croagunk,,,,,,,,,,croagunk-standard-fashionable-costume-male,Standard,Fashionable costume,male,true,true,false,false,false,false,,poison;fighting
croagunk,,,,,,,,,,croagunk-standard-fashionable-costume-female,Standard,Fashionable costume,female,true,true,false,false,false,false,,poison;fighting
toxicroak,,,,,,,,,,toxicroak-standard-fashionable-costume-male,Standard,Fashionable costume,male,false,true,false,false,false,false,,poison;fighting
toxicroak,,,,,,,,,,toxicroak-standard-fashionable-costume-female,Standard,Fashionable costume,female,false,true,false,false,false,false,,poison;fighting
butterfree,,,,,,,,,,butterfree-standard-fashionable-costume-male,Standard,Fashionable costume,male,false,true,false,false,false,false,,bug;flying
butterfree,,,,,,,,,,butterfree-standard-fashionable-costume-female,Standard,Fashionable costume,female,false,true,false,false,false,false,,bug;flying
sneasel,,,,,,,,,,sneasel-standard-fashionable-costume-male,Standard,Fashionable costume,male,false,true,false,false,false,false,,dark;ice
sneasel,,,,,,,,,,sneasel-standard-fashionable-costume-female,Standard,Fashionable costume,female,false,true,false,false,false,false,,dark;ice
blitzle,,,,,,,,,,blitzle-standard-fashionable-costume-male,Standard,Fashionable costume,male,false,true,false,false,false,false,,electric
blitzle,,,,,,,,,,blitzle-standard-fashionable-costume-female,Standard,Fashionable costume,female,false,true,false,false,false,false,,electric
diglett,,,,,,,,,,diglett-standard-fashionable-costume-male,Standard,Fashionable costume,male,true,true,false,false,false,false,,ground
diglett,,,,,,,,,,diglett-standard-fashionable-costume-female,Standard,Fashionable costume,female,true,true,false,false,false,false,,ground
dugtrio,,,,,,,,,,dugtrio-standard-fashionable-costume-male,Standard,Fashionable costume,male,false,true,false,false,false,false,,ground
dugtrio,,,,,,,,,,dugtrio-standard-fashionable-costume-female,Standard,Fashionable costume,female,false,true,false,false,false,false,,ground
absol,,,,,,,,,,absol-standard-fashionable-costume-male,Standard,Fashionable costume,male,false,true,false,false,false,false,,dark
absol,,,,,,,,,,absol-standard-fashionable-costume-female,Standard,Fashionable costume,female,false,true,false,false,false,false,,dark
dragonite,,,,,,,,,,dragonite-standard-fashionable-costume-male,Standard,Fashionable costume,male,false,true,false,false,false,false,,dragon;flying
dragonite,,,,,,,,,,dragonite-standard-fashionable-costume-female,Standard,Fashionable costume,female,false,true,false,false,false,false,,dragon;flying
wooper,,,,,,,,,,wooper-standard-fashionable-costume-male,Standard,Fashionable costume,male,true,true,false,false,false,false,,water;ground
wooper,,,,,,,,,,wooper-standard-fashionable-costume-female,Standard,Fashionable costume,female,true,true,false,false,false,false,,water;ground
quagsire,,,,,,,,,,quagsire-standard-fashionable-costume-male,Standard,Fashionable costume,male,false,true,false,false,false,false,,water;ground
quagsire,,,,,,,,,,quagsire-standard-fashionable-costume-female,Standard,Fashionable costume,female,false,true,false,false,false,false,,water;ground
minccino,,,,,,,,,,minccino-standard-fashionable-costume-male,Standard,Fashionable costume,male,true,true,false,false,false,false,,normal
minccino,,,,,,,,,,minccino-standard-fashionable-costume-female,Standard,Fashionable costume,female,true,true,false,false,false,false,,normal
cinccino,,,,,,,,,,cinccino-standard-fashionable-costume-male,Standard,Fashionable costume,male,false,true,false,false,false,false,,normal
cinccino,,,,,,,,,,cinccino-standard-fashionable-costume-female,Standard,Fashionable costume,female,false,true,false,false,false,false,,normal
gengar,,,,,,,,,,gengar-standard-mega-banette-costume-male,Standard,Mega Banette costume,male,false,true,false,false,false,false,,ghost;poison
gengar,,,,,,,,,,gengar-standard-mega-banette-costume-female,Standard,Mega Banette costume,female,false,true,false,false,false,false,,ghost;poison
sableye,,,,,,,,,,sableye-standard-litwick-costume-male,Standard,Litwick costume,male,false,true,false,false,false,false,,dark;ghost
sableye,,,,,,,,,,sableye-standard-litwick-costume-female,Standard,Litwick costume,female,false,true,false,false,false,false,,dark;ghost
pikachu,,,,,,,,,,pikachu-standard-explorer-male,Standard,Explorer,male,false,true,false,false,false,false,,electric
pikachu,,,,,,,,,,pikachu-standard-explorer-female,Standard,Explorer,female,false,true,false,false,false,false,,electric
pikachu,,,,,,,,,,pikachu-standard-winter-carnival-male,Standard,Winter Carnival,male,false,true,false,false,false,false,,electric
pikachu,,,,,,,,,,pikachu-standard-winter-carnival-female,Standard,Winter Carnival,female,false,true,false,false,false,false,,electric
delibird,,,,,,,,,,delibird-standard-holiday-ribbon-male,Standard,Holiday ribbon,male,false,true,false,false,false,false,,ice;flying
delibird,,,,,,,,,,delibird-standard-holiday-ribbon-female,Standard,Holiday ribbon,female,false,true,false,false,false,false,,ice;flying
cubchoo,,,,,,,,,,cubchoo-standard-holiday-ribbon-male,Standard,Holiday ribbon,male,true,true,false,false,false,false,,ice
cubchoo,,,,,,,,,,cubchoo-standard-holiday-ribbon-female,Standard,Holiday ribbon,female,true,true,false,false,false,false,,ice
beartic,,,,,,,,,,beartic-standard-holiday-ribbon-male,Standard,Holiday ribbon,male,false,true,false,false,false,false,,ice
beartic,,,,,,,,,,beartic-standard-holiday-ribbon-female,Standard,Holiday ribbon,female,false,true,false,false,false,false,,ice
pichu,,,,,,,,,,pichu-standard-new-year-s-hat-male,Standard,New Year's hat,male,true,true,false,false,false,false,,electric
pichu,,,,,,,,,,pichu-standard-new-year-s-hat-female,Standard,New Year's hat,female,true,true,false,false,false,false,,electric
pikachu,,,,,,,,,,pikachu-standard-new-year-s-hat-male,Standard,New Year's hat,male,true,true,false,false,false,false,,electric
pikachu,,,,,,,,,,pikachu-standard-new-year-s-hat-female,Standard,New Year's hat,female,true,true,false,false,false,false,,electric
raichu,,,,,,,,,,raichu-standard-new-year-s-hat-male,Standard,New Year's hat,male,false,true,false,false,false,false,,electric
raichu,,,,,,,,,,raichu-standard-new-year-s-hat-female,Standard,New Year's hat,female,false,true,false,false,false,false,,electric
hoothoot,,,,,,,,,,hoothoot-standard-new-year-s-outfit-male,Standard,New Year's outfit,male,true,true,false,false,false,false,,normal;flying
hoothoot,,,,,,,,,,hoothoot-standard-new-year-s-outfit-female,Standard,New Year's outfit,female,true,true,false,false,false,false,,normal;flying
noctowl,,,,,,,,,,noctowl-standard-new-year-s-outfit-male,Standard,New Year's outfit,male,false,true,false,false,false,false,,normal;flying
noctowl,,,,,,,,,,noctowl-standard-new-year-s-outfit-female,Standard,New Year's outfit,female,false,true,false,false,false,false,,normal;flying
slowpoke,,,,,,,,,,slowpoke-standard-2020-2021-2022-glasses-male,Standard,2020/2021/2022 glasses,male,true,true,false,false,false,false,,water;psychic
slowpoke,,,,,,,,,,slowpoke-standard-2020-2021-2022-glasses-female,Standard,2020/2021/2022 glasses,female,true,true,false,false,false,false,,water;psychic
slowking,,,,,,,,,,slowking-standard-2020-2021-2022-glasses-male,Standard,2020/2021/2022 glasses,male,true,true,false,false,false,false,,water;psychic
slowking,,,,,,,,,,slowking-standard-2020-2021-2022-glasses-female,Standard,2020/2021/2022 glasses,female,true,true,false,false,false,false,,water;psychic
slowbro,,,,,,,,,,slowbro-standard-2020-2021-2022-glasses-male,Standard,2020/2021/2022 glasses,male,false,true,false,false,false,false,,water;psychic
slowbro,,,,,,,,,,slowbro-standard-2020-2021-2022-glasses-female,Standard,2020/2021/2022 glasses,female,false,true,false,false,false,false,,water;psychic
pikachu,,,,,,,,,,pikachu-standard-meloetta-hat-male,Standard,Meloetta hat,male,false,true,false,false,false,false,,electric
pikachu,,,,,,,,,,pikachu-standard-meloetta-hat-female,Standard,Meloetta hat,female,false,true,false,false,false,false,,electric
ponyta,,,,,,,,,,ponyta-standard-meloetta-hat-male,Standard,Meloetta hat,male,false,true,false,false,false,false,,fire
ponyta,,,,,,,,,,ponyta-standard-meloetta-hat-female,Standard,Meloetta hat,female,false,true,false,false,false,false,,fire
zigzagoon,,,,,,,,,,zigzagoon-standard-meloetta-hat-male,Standard,Meloetta hat,male,false,true,false,false,false,false,,normal
zigzagoon,,,,,,,,,,zigzagoon-standard-meloetta-hat-female,Standard,Meloetta hat,female,false,true,false,false,false,false,,normal
gardevoir,,,,,,,,,,gardevoir-standard-meloetta-hat-male,Standard,Meloetta hat,male,false,false,false,false,false,false,,psychic;fairy
gardevoir,,,,,,,,,,gardevoir-standard-meloetta-hat-female,Standard,Meloetta hat,female,false,false,false,false,false,false,,psychic;fairy
flygon,,,,,,,,,,flygon-standard-meloetta-hat-male,Standard,Meloetta hat,male,false,false,false,false,false,false,,ground;dragon
flygon,,,,,,,,,,flygon-standard-meloetta-hat-female,Standard,Meloetta hat,female,false,false,false,false,false,false,,ground;dragon
pikachu,,,,,,,,,,pikachu-standard-halloween-mischief-male,Standard,Halloween Mischief,male,false,true,false,false,false,false,,electric
pikachu,,,,,,,,,,pikachu-standard-halloween-mischief-female,Standard,Halloween Mischief,female,false,true,false,false,false,false,,electric
piplup,,,,,,,,,,piplup-standard-halloween-mischief-male,Standard,Halloween Mischief,male,false,true,false,false,false,false,,water
piplup,,,,,,,,,,piplup-standard-halloween-mischief-female,Standard,Halloween Mischief,female,false,true,false,false,false,false,,water
drifblim,,,,,,,,,,drifblim-standard-halloween-mischief-male,Standard,Halloween Mischief,male,false,true,false,false,false,false,,ghost;flying
drifblim,,,,,,,,,,drifblim-standard-halloween-mischief-female,Standard,Halloween Mischief,female,false,true,false,false,false,false,,ghost;flying
turtwig,,,,,,,,,,turtwig-standard-lucas-s-hat-male,Standard,Lucas's hat,male,false,true,false,false,false,false,,grass
turtwig,,,,,,,,,,turtwig-standard-lucas-s-hat-female,Standard,Lucas's hat,female,false,true,false,false,false,false,,grass
chimchar,,,,,,,,,,chimchar-standard-lucas-s-hat-male,Standard,Lucas's hat,male,false,true,false,false,false,false,,fire
chimchar,,,,,,,,,,chimchar-standard-lucas-s-hat-female,Standard,Lucas's hat,female,false,true,false,false,false,false,,fire
piplup,,,,,,,,,,piplup-standard-lucas-s-hat-male,Standard,Lucas's hat,male,false,true,false,false,false,false,,water
piplup,,,,,,,,,,piplup-standard-lucas-s-hat-female,Standard,Lucas's hat,female,false,true,false,false,false,false,,water
pikachu,,,,,,,,,,pikachu-standard-lucas-s-hat-male,Standard,Lucas's hat,male,false,true,false,false,false,false,,electric
pikachu,,,,,,,,,,pikachu-standard-lucas-s-hat-female,Standard,Lucas's hat,female,false,true,false,false,false,false,,electric
turtwig,,,,,,,,,,turtwig-standard-dawn-s-hat-male,Standard,Dawn's hat,male,false,true,false,false,false,false,,grass
turtwig,,,,,,,,,,turtwig-standard-dawn-s-hat-female,Standard,Dawn's hat,female,false,true,false,false,false,false,,grass
chimchar,,,,,,,,,,chimchar-standard-dawn-s-hat-male,Standard,Dawn's hat,male,false,true,false,false,false,false,,fire
chimchar,,,,,,,,,,chimchar-standard-dawn-s-hat-female,Standard,Dawn's hat,female,false,true,false,false,false,false,,fire
piplup,,,,,,,,,,piplup-standard-dawn-s-hat-male,Standard,Dawn's hat,male,false,true,false,false,false,false,,water
piplup,,,,,,,,,,piplup-standard-dawn-s-hat-female,Standard,Dawn's hat,female,false,true,false,false,false,false,,water
pikachu,,,,,,,,,,pikachu-standard-dawn-s-hat-male,Standard,Dawn's hat,male,false,true,false,false,false,false,,electric
pikachu,,,,,,,,,,pikachu-standard-dawn-s-hat-female,Standard,Dawn's hat,female,false,true,false,false,false,false,,electric
glaceon,,,,,,,,,,glaceon-standard-undersea-holiday-male,Standard,Undersea Holiday,male,false,true,false,false,false,false,,ice
glaceon,,,,,,,,,,glaceon-standard-undersea-holiday-female,Standard,Undersea Holiday,female,false,true,false,false,false,false,,ice
pikachu,,,,,,,,,,pikachu-standard-kariyushi-shirt-male,Standard,Kariyushi shirt,male,false,true,false,false,false,false,,electric
pikachu,,,,,,,,,,pikachu-standard-kariyushi-shirt-female,Standard,Kariyushi shirt,female,false,true,false,false,false,false,,electric
lapras,,,,,,,,,,lapras-standard-scarf-male,Standard,Scarf,male,false,true,false,false,false,false,,water;ice
lapras,,,,,,,,,,lapras-standard-scarf-female,Standard,Scarf,female,false,true,false,false,false,false,,water;ice
pikachu,,,,,,,,,,pikachu-standard-gracidea-flower-male,Standard,Gracidea flower,male,false,true,false,false,false,false,,electric
pikachu,,,,,,,,,,pikachu-standard-gracidea-flower-female,Standard,Gracidea flower,female,false,true,false,false,false,false,,electric
pikachu,,,,,,,,,,pikachu-standard-pokemon-tcg-hat-male,Standard,Pokémon TCG hat,male,false,true,false,false,false,false,,electric
pikachu,,,,,,,,,,pikachu-standard-pokemon-tcg-hat-female,Standard,Pokémon TCG hat,female,false,true,false,false,false,false,,electric
snorlax,,,,,,,,,,snorlax-standard-cowboy-hat-male,Standard,Cowboy hat,male,false,true,false,false,false,false,,normal
snorlax,,,,,,,,,,snorlax-standard-cowboy-hat-female,Standard,Cowboy hat,female,false,true,false,false,false,false,,normal
pikachu,,,,,,,,,,pikachu-standard-cake-costume-male,Standard,Cake costume,male,false,true,false,false,false,false,,electric
pikachu,,,,,,,,,,pikachu-standard-cake-costume-female,Standard,Cake costume,female,false,true,false,false,false,false,,electric
pikachu,,,,,,,,,,pikachu-standard-world-championships-wcs2022-male,Standard,World Championships (WCS2022),male,false,true,false,false,false,false,,electric
pikachu,,,,,,,,,,pikachu-standard-world-championships-wcs2022-female,Standard,World Championships (WCS2022),female,false,true,false,false,false,false,,electric
pikachu,,,,,,,,,,pikachu-standard-world-championships-wcs2023-male,Standard,World Championships (WCS2023),male,false,true,false,false,false,false,,electric
pikachu,,,,,,,,,,pikachu-standard-world-championships-wcs2023-female,Standard,World Championships (WCS2023),female,false,true,false,false,false,false,,electric
pikachu,,,,,,,,,,pikachu-standard-world-championships-wcs2024-male,Standard,World Championships (WCS2024),male,false,true,false,false,false,false,,electric
pikachu,,,,,,,,,,pikachu-standard-world-championships-wcs2024-female,Standard,World Championships (WCS2024),female,false,true,false,false,false,false,,electric
pikachu,,,,,,,,,,pikachu-standard-shaymin-scarf-male,Standard,Shaymin scarf,male,false,true,false,false,false,false,,electric
pikachu,,,,,,,,,,pikachu-standard-shaymin-scarf-female,Standard,Shaymin scarf,female,false,true,false,false,false,false,,electric
pikachu,,,,,,,,,,pikachu-standard-t-shirt-tshirtgreen-male,Standard,T-shirt (TShirtGreen),male,false,true,false,false,false,false,,electric
pikachu,,,,,,,,,,pikachu-standard-t-shirt-tshirtgreen-female,Standard,T-shirt (TShirtGreen),female,false,true,false,false,false,false,,electric
pikachu,,,,,,,,,,pikachu-standard-t-shirt-tshirtpurple-male,Standard,T-shirt (TShirtPurple),male,false,true,false,false,false,false,,electric
pikachu,,,,,,,,,,pikachu-standard-t-shirt-tshirtpurple-female,Standard,T-shirt (TShirtPurple),female,false,true,false,false,false,false,,electric
pikachu,,,,,,,,,,pikachu-standard-t-shirt-tshirtblue-male,Standard,T-shirt (TShirtBlue),male,false,true,false,false,false,false,,electric
pikachu,,,,,,,,,,pikachu-standard-t-shirt-tshirtblue-female,Standard,T-shirt (TShirtBlue),female,false,true,false,false,false,false,,electric
pikachu,,,,,,,,,,pikachu-standard-t-shirt-tshirtbatik-male,Standard,T-shirt (TShirtBatik),male,false,true,false,false,false,false,,electric
pikachu,,,,,,,,,,pikachu-standard-t-shirt-tshirtbatik-female,Standard,T-shirt (TShirtBatik),female,false,true,false,false,false,false,,electric
vulpix,,,,,,,,,,vulpix-standard-spooky-festival-male,Standard,Spooky Festival,male,true,true,false,false,false,false,,fire
vulpix,,,,,,,,,,vulpix-standard-spooky-festival-female,Standard,Spooky Festival,female,true,true,false,false,false,false,,fire
ninetales,,,,,,,,,,ninetales-standard-spooky-festival-male,Standard,Spooky Festival,male,false,true,false,false,false,false,,fire
ninetales,,,,,,,,,,ninetales-standard-spooky-festival-female,Standard,Spooky Festival,female,false,true,false,false,false,false,,fire
gengar,,,,,,,,,,gengar-standard-spooky-festival-male,Standard,Spooky Festival,male,false,true,false,false,false,false,,ghost;poison
gengar,,,,,,,,,,gengar-standard-spooky-festival-female,Standard,Spooky Festival,female,false,true,false,false,false,false,,ghost;poison
pumpkaboo,,,,,,,,,,pumpkaboo-standard-spooky-festival-small-male,Standard,Spooky Festival (Small),male,true,true,false,false,false,false,,ghost;grass
pumpkaboo,,,,,,,,,,pumpkaboo-standard-spooky-festival-small-female,Standard,Spooky Festival (Small),female,true,true,false,false,false,false,,ghost;grass
pumpkaboo,,,,,,,,,,pumpkaboo-standard-spooky-festival-average-male,Standard,Spooky Festival (Average),male,true,true,false,false,false,false,,ghost;grass
pumpkaboo,,,,,,,,,,pumpkaboo-standard-spooky-festival-average-female,Standard,Spooky Festival (Average),female,true,true,false,false,false,false,,ghost;grass
pumpkaboo,,,,,,,,,,pumpkaboo-standard-spooky-festival-large-male,Standard,Spooky Festival (Large),male,true,true,false,false,false,false,,ghost;grass
pumpkaboo,,,,,,,,,,pumpkaboo-standard-spooky-festival-large-female,Standard,Spooky Festival (Large),female,true,true,false,false,false,false,,ghost;grass
pumpkaboo,,,,,,,,,,pumpkaboo-standard-spooky-festival-super-male,Standard,Spooky Festival (Super),male,true,true,false,false,false,false,,ghost;grass
pumpkaboo,,,,,,,,,,pumpkaboo-standard-spooky-festival-super-female,Standard,Spooky Festival (Super),female,true,true,false,false,false,false,,ghost;grass
gourgeist,,,,,,,,,,gourgeist-standard-spooky-festival-small-male,Standard,Spooky Festival (Small),male,false,true,false,false,false,false,,ghost;grass
gourgeist,,,,,,,,,,gourgeist-standard-spooky-festival-small-female,Standard,Spooky Festival (Small),female,false,true,false,false,false,false,,ghost;grass
gourgeist,,,,,,,,,,gourgeist-standard-spooky-festival-average-male,Standard,Spooky Festival (Average),male,false,true,false,false,false,false,,ghost;grass
gourgeist,,,,,,,,,,gourgeist-standard-spooky-festival-average-female,Standard,Spooky Festival (Average),female,false,true,false,false,false,false,,ghost;grass
gourgeist,,,,,,,,,,gourgeist-standard-spooky-festival-large-male,Standard,Spooky Festival (Large),male,false,true,false,false,false,false,,ghost;grass
gourgeist,,,,,,,,,,gourgeist-standard-spooky-festival-large-female,Standard,Spooky Festival (Large),female,false,true,false,false,false,false,,ghost;grass
gourgeist,,,,,,,,,,gourgeist-standard-spooky-festival-super-male,Standard,Spooky Festival (Super),male,false,true,false,false,false,false,,ghost;grass
gourgeist,,,,,,,,,,gourgeist-standard-spooky-festival-super-female,Standard,Spooky Festival (Super),female,false,true,false,false,false,false,,ghost;grass
duskull,,,,,,,,,,duskull-standard-cempasuchil-crown-male,Standard,Cempasúchil crown,male,true,true,false,false,false,false,,ghost
duskull,,,,,,,,,,duskull-standard-cempasuchil-crown-female,Standard,Cempasúchil crown,female,true,true,false,false,false,false,,ghost
dusclops,,,,,,,,,,dusclops-standard-cempasuchil-crown-male,Standard,Cempasúchil crown,male,false,true,false,false,false,false,,ghost
dusclops,,,,,,,,,,dusclops-standard-cempasuchil-crown-female,Standard,Cempasúchil crown,female,false,true,false,false,false,false,,ghost
dusknoir,,,,,,,,,,dusknoir-standard-cempasuchil-crown-male,Standard,Cempasúchil crown,male,false,true,false,false,false,false,,ghost
dusknoir,,,,,,,,,,dusknoir-standard-cempasuchil-crown-female,Standard,Cempasúchil crown,female,false,true,false,false,false,false,,ghost
cubone,,,,,,,,,,cubone-standard-cempasuchil-crown-male,Standard,Cempasúchil crown,male,true,true,false,false,false,false,,ground
cubone,,,,,,,,,,cubone-standard-cempasuchil-crown-female,Standard,Cempasúchil crown,female,true,true,false,false,false,false,,ground
marowak,,,,,,,,,,marowak-standard-cempasuchil-crown-male,Standard,Cempasúchil crown,male,false,true,false,false,false,false,,ground
marowak,,,,,,,,,,marowak-standard-cempasuchil-crown-female,Standard,Cempasúchil crown,female,false,true,false,false,false,false,,ground
eevee,,,,,,,,,,eevee-standard-holiday-hat-male,Standard,Holiday hat,male,true,true,false,false,false,false,,normal
eevee,,,,,,,,,,eevee-standard-holiday-hat-female,Standard,Holiday hat,female,true,true,false,false,false,false,,normal
vaporeon,,,,,,,,,,vaporeon-standard-holiday-hat-male,Standard,Holiday hat,male,false,true,false,false,false,false,,water
vaporeon,,,,,,,,,,vaporeon-standard-holiday-hat-female,Standard,Holiday hat,female,false,true,false,false,false,false,,water
jolteon,,,,,,,,,,jolteon-standard-holiday-hat-male,Standard,Holiday hat,male,false,true,false,false,false,false,,electric
jolteon,,,,,,,,,,jolteon-standard-holiday-hat-female,Standard,Holiday hat,female,false,true,false,false,false,false,,electric
flareon,,,,,,,,,,flareon-standard-holiday-hat-male,Standard,Holiday hat,male,false,true,false,false,false,false,,fire
flareon,,,,,,,,,,flareon-standard-holiday-hat-female,Standard,Holiday hat,female,false,true,false,false,false,false,,fire
espeon,,,,,,,,,,espeon-standard-holiday-hat-male,Standard,Holiday hat,male,false,true,false,false,false,false,,psychic
espeon,,,,,,,,,,espeon-standard-holiday-hat-female,Standard,Holiday hat,female,false,true,false,false,false,false,,psychic
umbreon,,,,,,,,,,umbreon-standard-holiday-hat-male,Standard,Holiday hat,male,false,true,false,false,false,false,,dark
umbreon,,,,,,,,,,umbreon-standard-holiday-hat-female,Standard,Holiday hat,female,false,true,false,false,false,false,,dark
leafeon,,,,,,,,,,leafeon-standard-holiday-hat-male,Standard,Holiday hat,male,false,true,false,false,false,false,,grass
leafeon,,,,,,,,,,leafeon-standard-holiday-hat-female,Standard,Holiday hat,female,false,true,false,false,false,false,,grass
glaceon,,,,,,,,,,glaceon-standard-holiday-hat-male,Standard,Holiday hat,male,false,true,false,false,false,false,,ice
glaceon,,,,,,,,,,glaceon-standard-holiday-hat-female,Standard,Holiday hat,female,false,true,false,false,false,false,,ice
sylveon,,,,,,,,,,sylveon-standard-holiday-hat-male,Standard,Holiday hat,male,false,true,false,false,false,false,,fairy
sylveon,,,,,,,,,,sylveon-standard-holiday-hat-female,Standard,Holiday hat,female,false,true,false,false,false,false,,fairy
pikachu,,,,,,,,,,pikachu-standard-party-top-hat-male,Standard,Party top hat,male,false,true,false,false,false,false,,electric
pikachu,,,,,,,,,,pikachu-standard-party-top-hat-female,Standard,Party top hat,female,false,true,false,false,false,false,,electric
pikachu,,,,,,,,,,pikachu-standard-brendan-s-hat-male,Standard,Brendan's hat,male,false,true,false,false,false,false,,electric
pikachu,,,,,,,,,,pikachu-standard-brendan-s-hat-female,Standard,Brendan's hat,female,false,true,false,false,false,false,,electric
pikachu,,,,,,,,,,pikachu-standard-may-s-bow-male,Standard,May's bow,male,false,true,false,false,false,false,,electric
pikachu,,,,,,,,,,pikachu-standard-may-s-bow-female,Standard,May's bow,female,false,true,false,false,false,false,,electric
pichu,,,,,,,,,,pichu-standard-cherry-blossoms-male,Standard,Cherry blossoms,male,true,true,false,false,false,false,,electric
pichu,,,,,,,,,,pichu-standard-cherry-blossoms-female,Standard,Cherry blossoms,female,true,true,false,false,false,false,,electric
pikachu,,,,,,,,,,pikachu-standard-cherry-blossoms-male,Standard,Cherry blossoms,male,true,true,false,false,false,false,,electric
pikachu,,,,,,,,,,pikachu-standard-cherry-blossoms-female,Standard,Cherry blossoms,female,true,true,false,false,false,false,,electric
raichu,,,,,,,,,,raichu-standard-cherry-blossoms-male,Standard,Cherry blossoms,male,false,true,false,false,false,false,,electric
raichu,,,,,,,,,,raichu-standard-cherry-blossoms-female,Standard,Cherry blossoms,female,false,true,false,false,false,false,,electric
eevee,,,,,,,,,,eevee-standard-cherry-blossoms-male,Standard,Cherry blossoms,male,true,true,false,false,false,false,,normal
eevee,,,,,,,,,,eevee-standard-cherry-blossoms-female,Standard,Cherry blossoms,female,true,true,false,false,false,false,,normal
vaporeon,,,,,,,,,,vaporeon-standard-cherry-blossoms-male,Standard,Cherry blossoms,male,false,true,false,false,false,false,,water
vaporeon,,,,,,,,,,vaporeon-standard-cherry-blossoms-female,Standard,Cherry blossoms,female,false,true,false,false,false,false,,water
jolteon,,,,,,,,,,jolteon-standard-cherry-blossoms-male,Standard,Cherry blossoms,male,false,true,false,false,false,false,,electric
jolteon,,,,,,,,,,jolteon-standard-cherry-blossoms-female,Standard,Cherry blossoms,female,false,true,false,false,false,false,,electric
flareon,,,,,,,,,,flareon-standard-cherry-blossoms-male,Standard,Cherry blossoms,male,false,true,false,false,false,false,,fire
flareon,,,,,,,,,,flareon-standard-cherry-blossoms-female,Standard,Cherry blossoms,female,false,true,false,false,false,false,,fire
espeon,,,,,,,,,,espeon-standard-cherry-blossoms-male,Standard,Cherry blossoms,male,false,true,false,false,false,false,,psychic
espeon,,,,,,,,,,espeon-standard-cherry-blossoms-female,Standard,Cherry blossoms,female,false,true,false,false,false,false,,psychic
umbreon,,,,,,,,,,umbreon-standard-cherry-blossoms-male,Standard,Cherry blossoms,male,false,true,false,false,false,false,,dark
umbreon,,,,,,,,,,umbreon-standard-cherry-blossoms-female,Standard,Cherry blossoms,female,false,true,false,false,false,false,,dark
leafeon,,,,,,,,,,leafeon-standard-cherry-blossoms-male,Standard,Cherry blossoms,male,false,true,false,false,false,false,,grass
leafeon,,,,,,,,,,leafeon-standard-cherry-blossoms-female,Standard,Cherry blossoms,female,false,true,false,false,false,false,,grass
glaceon,,,,,,,,,,glaceon-standard-cherry-blossoms-male,Standard,Cherry blossoms,male,false,true,false,false,false,false,,ice
glaceon,,,,,,,,,,glaceon-standard-cherry-blossoms-female,Standard,Cherry blossoms,female,false,true,false,false,false,false,,ice
sylveon,,,,,,,,,,sylveon-standard-cherry-blossoms-male,Standard,Cherry blossoms,male,false,true,false,false,false,false,,fairy
sylveon,,,,,,,,,,sylveon-standard-cherry-blossoms-female,Standard,Cherry blossoms,female,false,true,false,false,false,false,,fairy
lapras,,,,,,,,,,lapras-standard-blanche-themed-accessory-male,Standard,Blanche-themed accessory,male,false,true,false,false,false,false,,water;ice
lapras,,,,,,,,,,lapras-standard-blanche-themed-accessory-female,Standard,Blanche-themed accessory,female,false,true,false,false,false,false,,water;ice
elekid,,,,,,,,,,elekid-standard-spark-themed-accessory-male,Standard,Spark-themed accessory,male,true,true,false,false,false,false,,electric
elekid,,,,,,,,,,elekid-standard-spark-themed-accessory-female,Standard,Spark-themed accessory,female,true,true,false,false,false,false,,electric
electabuzz,,,,,,,,,,electabuzz-standard-spark-themed-accessory-male,Standard,Spark-themed accessory,male,false,true,false,false,false,false,,electric
electabuzz,,,,,,,,,,electabuzz-standard-spark-themed-accessory-female,Standard,Spark-themed accessory,female,false,true,false,false,false,false,,electric
electivire,,,,,,,,,,electivire-standard-spark-themed-accessory-male,Standard,Spark-themed accessory,male,false,true,false,false,false,false,,electric
electivire,,,,,,,,,,electivire-standard-spark-themed-accessory-female,Standard,Spark-themed accessory,female,false,true,false,false,false,false,,electric
ponyta,,,,,,,,,,ponyta-standard-candela-themed-accessory-male,Standard,Candela-themed accessory,male,true,true,false,false,false,false,,fire
ponyta,,,,,,,,,,ponyta-standard-candela-themed-accessory-female,Standard,Candela-themed accessory,female,true,true,false,false,false,false,,fire
rapidash,,,,,,,,,,rapidash-standard-candela-themed-accessory-male,Standard,Candela-themed accessory,male,false,true,false,false,false,false,,fire
rapidash,,,,,,,,,,rapidash-standard-candela-themed-accessory-female,Standard,Candela-themed accessory,female,false,true,false,false,false,false,,fire
snorlax,,,,,,,,,,snorlax-standard-nightcap-male,Standard,Nightcap,male,false,true,false,false,false,false,,normal
snorlax,,,,,,,,,,snorlax-standard-nightcap-female,Standard,Nightcap,female,false,true,false,false,false,false,,normal
aerodactyl,,,,,,,,,,aerodactyl-standard-satchel-male,Standard,Satchel,male,false,true,false,false,false,false,,rock;flying
aerodactyl,,,,,,,,,,aerodactyl-standard-satchel-female,Standard,Satchel,female,false,true,false,false,false,false,,rock;flying
pikachu,,,,,,,,,,pikachu-standard-gem-crown-amethyst-male,Standard,Gem crown (Amethyst),male,false,true,false,false,false,false,,electric
pikachu,,,,,,,,,,pikachu-standard-gem-crown-amethyst-female,Standard,Gem crown (Amethyst),female,false,true,false,false,false,false,,electric
pikachu,,,,,,,,,,pikachu-standard-gem-crown-quartz-male,Standard,Gem crown (Quartz),male,false,true,false,false,false,false,,electric
pikachu,,,,,,,,,,pikachu-standard-gem-crown-quartz-female,Standard,Gem crown (Quartz),female,false,true,false,false,false,false,,electric
pikachu,,,,,,,,,,pikachu-standard-gem-crown-pyrite-male,Standard,Gem crown (Pyrite),male,false,true,false,false,false,false,,electric
pikachu,,,,,,,,,,pikachu-standard-gem-crown-pyrite-female,Standard,Gem crown (Pyrite),female,false,true,false,false,false,false,,electric
pikachu,,,,,,,,,,pikachu-standard-gem-crown-malachite-male,Standard,Gem crown (Malachite),male,false,true,false,false,false,false,,electric
pikachu,,,,,,,,,,pikachu-standard-gem-crown-malachite-female,Standard,Gem crown (Malachite),female,false,true,false,false,false,false,,electric
pikachu,,,,,,,,,,pikachu-standard-gem-crown-aquamarine-male,Standard,Gem crown (Aquamarine),male,false,true,false,false,false,false,,electric
pikachu,,,,,,,,,,pikachu-standard-gem-crown-aquamarine-female,Standard,Gem crown (Aquamarine),female,false,true,false,false,false,false,,electric
slowpoke,,,,,,,,,,slowpoke-standard-hat-male,Standard,Hat,male,false,true,false,false,false,false,,water;psychic
slowpoke,,,,,,,,,,slowpoke-standard-hat-female,Standard,Hat,female,false,true,false,false,false,false,,water;psychic
eevee,,,,,,,,,,eevee-standard-explorer-hat-male,Standard,Explorer hat,male,true,true,false,false,false,false,,normal
eevee,,,,,,,,,,eevee-standard-explorer-hat-female,Standard,Explorer hat,female,true,true,false,false,false,false,,normal
vaporeon,,,,,,,,,,vaporeon-standard-explorer-hat-male,Standard,Explorer hat,male,false,true,false,false,false,false,,water
vaporeon,,,,,,,,,,vaporeon-standard-explorer-hat-female,Standard,Explorer hat,female,false,true,false,false,false,false,,water
jolteon,,,,,,,,,,jolteon-standard-explorer-hat-male,Standard,Explorer hat,male,false,true,false,false,false,false,,electric
jolteon,,,,,,,,,,jolteon-standard-explorer-hat-female,Standard,Explorer hat,female,false,true,false,false,false,false,,electric
flareon,,,,,,,,,,flareon-standard-explorer-hat-male,Standard,Explorer hat,male,false,true,false,false,false,false,,fire
flareon,,,,,,,,,,flareon-standard-explorer-hat-female,Standard,Explorer hat,female,false,true,false,false,false,false,,fire
espeon,,,,,,,,,,espeon-standard-explorer-hat-male,Standard,Explorer hat,male,false,true,false,false,false,false,,psychic
espeon,,,,,,,,,,espeon-standard-explorer-hat-female,Standard,Explorer hat,female,false,true,false,false,false,false,,psychic
umbreon,,,,,,,,,,umbreon-standard-explorer-hat-male,Standard,Explorer hat,male,false,true,false,false,false,false,,dark
umbreon,,,,,,,,,,umbreon-standard-explorer-hat-female,Standard,Explorer hat,female,false,true,false,false,false,false,,dark
leafeon,,,,,,,,,,leafeon-standard-explorer-hat-male,Standard,Explorer hat,male,false,true,false,false,false,false,,grass
leafeon,,,,,,,,,,leafeon-standard-explorer-hat-female,Standard,Explorer hat,female,false,true,false,false,false,false,,grass
glaceon,,,,,,,,,,glaceon-standard-explorer-hat-male,Standard,Explorer hat,male,false,true,false,false,false,false,,ice
glaceon,,,,,,,,,,glaceon-standard-explorer-hat-female,Standard,Explorer hat,female,false,true,false,false,false,false,,ice
sylveon,,,,,,,,,,sylveon-standard-explorer-hat-male,Standard,Explorer hat,male,false,true,false,false,false,false,,fairy
sylveon,,,,,,,,,,sylveon-standard-explorer-hat-female,Standard,Explorer hat,female,false,true,false,false,false,false,,fairy
pikachu,,,,,,,,,,pikachu-standard-tricks-treats-male,Standard,Tricks & Treats,male,false,true,false,false,false,false,,electric
pikachu,,,,,,,,,,pikachu-standard-tricks-treats-female,Standard,Tricks & Treats,female,false,true,false,false,false,false,,electric
gengar,,,,,,,,,,gengar-standard-tricks-treats-male,Standard,Tricks & Treats,male,false,true,false,false,false,false,,ghost;poison
gengar,,,,,,,,,,gengar-standard-tricks-treats-female,Standard,Tricks & Treats,female,false,true,false,false,false,false,,ghost;poison
jigglypuff,,,,,,,,,,jigglypuff-standard-ribbon-male,Standard,Ribbon,male,true,true,false,false,false,false,,normal;fairy
jigglypuff,,,,,,,,,,jigglypuff-standard-ribbon-female,Standard,Ribbon,female,true,true,false,false,false,false,,normal;fairy
wigglytuff,,,,,,,,,,wigglytuff-standard-ribbon-male,Standard,Ribbon,male,false,true,false,false,false,false,,normal;fairy
wigglytuff,,,,,,,,,,wigglytuff-standard-ribbon-female,Standard,Ribbon,female,false,true,false,false,false,false,,normal;fairy
pikachu,,,,,,,,,,pikachu-standard-rei-s-cap-male,Standard,Rei's cap,male,false,true,false,false,false,false,,electric
pikachu,,,,,,,,,,pikachu-standard-rei-s-cap-female,Standard,Rei's cap,female,false,true,false,false,false,false,,electric
pikachu,,,,,,,,,,pikachu-standard-akari-s-kerchief-male,Standard,Akari's kerchief,male,false,true,false,false,false,false,,electric
pikachu,,,,,,,,,,pikachu-standard-akari-s-kerchief-female,Standard,Akari's kerchief,female,false,true,false,false,false,false,,electric
pikachu,,,,,,,,,,pikachu-standard-captain-pikachu-male,Standard,Captain Pikachu,male,false,true,false,false,false,false,,electric
pikachu,,,,,,,,,,pikachu-standard-captain-pikachu-female,Standard,Captain Pikachu,female,false,true,false,false,false,false,,electric
pikachu,,,,,,,,,,pikachu-standard-sun-moon-crown-super-male,Standard,Sun/Moon crown (Super),male,false,true,false,false,false,false,,electric
pikachu,,,,,,,,,,pikachu-standard-sun-moon-crown-super-female,Standard,Sun/Moon crown (Super),female,false,true,false,false,false,false,,electric
pikachu,,,,,,,,,,pikachu-standard-sun-moon-crown-average-male,Standard,Sun/Moon crown (Average),male,false,true,false,false,false,false,,electric
pikachu,,,,,,,,,,pikachu-standard-sun-moon-crown-average-female,Standard,Sun/Moon crown (Average),female,false,true,false,false,false,false,,electric
eevee,,,,,,,,,,eevee-standard-sun-moon-crown-super-male,Standard,Sun/Moon crown (Super),male,false,true,false,false,false,false,,normal
eevee,,,,,,,,,,eevee-standard-sun-moon-crown-super-female,Standard,Sun/Moon crown (Super),female,false,true,false,false,false,false,,normal
eevee,,,,,,,,,,eevee-standard-sun-moon-crown-average-male,Standard,Sun/Moon crown (Average),male,false,true,false,false,false,false,,normal
eevee,,,,,,,,,,eevee-standard-sun-moon-crown-average-female,Standard,Sun/Moon crown (Average),female,false,true,false,false,false,false,,normal
espeon,,,,,,,,,,espeon-standard-sun-scarf-male,Standard,Sun scarf,male,false,true,false,false,false,false,,psychic
espeon,,,,,,,,,,espeon-standard-sun-scarf-female,Standard,Sun scarf,female,false,true,false,false,false,false,,psychic
umbreon,,,,,,,,,,umbreon-standard-moon-scarf-male,Standard,Moon scarf,male,false,true,false,false,false,false,,dark
umbreon,,,,,,,,,,umbreon-standard-moon-scarf-female,Standard,Moon scarf,female,false,true,false,false,false,false,,dark
slakoth,,,,,,,,,,slakoth-standard-visor-male,Standard,Visor,male,true,true,false,false,false,false,,normal
slakoth,,,,,,,,,,slakoth-standard-visor-female,Standard,Visor,female,true,true,false,false,false,false,,normal
vigoroth,,,,,,,,,,vigoroth-standard-visor-male,Standard,Visor,male,false,true,false,false,false,false,,normal
vigoroth,,,,,,,,,,vigoroth-standard-visor-female,Standard,Visor,female,false,true,false,false,false,false,,normal
slaking,,,,,,,,,,slaking-standard-visor-male,Standard,Visor,male,false,true,false,false,false,false,,normal
slaking,,,,,,,,,,slaking-standard-visor-female,Standard,Visor,female,false,true,false,false,false,false,,normal
froakie,,,,,,,,,,froakie-standard-halloween-costume-male,Standard,Halloween costume,male,true,true,false,false,false,false,,water
froakie,,,,,,,,,,froakie-standard-halloween-costume-female,Standard,Halloween costume,female,true,true,false,false,false,false,,water
frogadier,,,,,,,,,,frogadier-standard-halloween-costume-male,Standard,Halloween costume,male,false,true,false,false,false,false,,water
frogadier,,,,,,,,,,frogadier-standard-halloween-costume-female,Standard,Halloween costume,female,false,true,false,false,false,false,,water
greninja,,,,,,,,,,greninja-standard-halloween-costume-male,Standard,Halloween costume,male,false,true,false,false,false,false,,water;dark
greninja,,,,,,,,,,greninja-standard-halloween-costume-female,Standard,Halloween costume,female,false,true,false,false,false,false,,water;dark
rowlet,,,,,,,,,,rowlet-standard-halloween-costume-male,Standard,Halloween costume,male,true,true,false,false,false,false,,grass;flying
rowlet,,,,,,,,,,rowlet-standard-halloween-costume-female,Standard,Halloween costume,female,true,true,false,false,false,false,,grass;flying
dartrix,,,,,,,,,,dartrix-standard-halloween-costume-male,Standard,Halloween costume,male,false,true,false,false,false,false,,grass;flying
dartrix,,,,,,,,,,dartrix-standard-halloween-costume-female,Standard,Halloween costume,female,false,true,false,false,false,false,,grass;flying
decidueye,,,,,,,,,,decidueye-standard-halloween-costume-male,Standard,Halloween costume,male,false,true,false,false,false,false,,grass;ghost
decidueye,,,,,,,,,,decidueye-standard-halloween-costume-female,Standard,Halloween costume,female,false,true,false,false,false,false,,grass;ghost
pikachu,,,,,,,,,,pikachu-standard-saree-male,Standard,Saree,male,false,true,false,false,false,false,,electric
pikachu,,,,,,,,,,pikachu-standard-saree-female,Standard,Saree,female,false,true,false,false,false,false,,electric
snorlax,,,,,,,,,,snorlax-standard-studded-jacket-male,Standard,Studded Jacket,male,false,true,false,false,false,false,,normal
snorlax,,,,,,,,,,snorlax-standard-studded-jacket-female,Standard,Studded Jacket,female,false,true,false,false,false,false,,normal
dedenne,,,,,,,,,,dedenne-standard-holiday-attire-male,Standard,Holiday Attire,male,false,true,false,false,false,false,,electric;fairy
dedenne,,,,,,,,,,dedenne-standard-holiday-attire-female,Standard,Holiday Attire,female,false,true,false,false,false,false,,electric;fairy
wooloo,,,,,,,,,,wooloo-standard-holiday-attire-male,Standard,Holiday Attire,male,true,true,false,false,false,false,,normal
wooloo,,,,,,,,,,wooloo-standard-holiday-attire-female,Standard,Holiday Attire,female,true,true,false,false,false,false,,normal
dubwool,,,,,,,,,,dubwool-standard-holiday-attire-male,Standard,Holiday Attire,male,false,true,false,false,false,false,,normal
dubwool,,,,,,,,,,dubwool-standard-holiday-attire-female,Standard,Holiday Attire,female,false,true,false,false,false,false,,normal
sudowoodo,,,,,,,,,,sudowoodo-standard-holiday-attire-male,Standard,Holiday Attire,male,false,true,false,false,false,false,,rock
sudowoodo,,,,,,,,,,sudowoodo-standard-holiday-attire-female,Standard,Holiday Attire,female,false,true,false,false,false,false,,rock
charjabug,,,,,,,,,,charjabug-standard-holiday-attire-male,Standard,Holiday Attire,male,true,true,false,false,false,false,,bug;electric
charjabug,,,,,,,,,,charjabug-standard-holiday-attire-female,Standard,Holiday Attire,female,true,true,false,false,false,false,,bug;electric
vikavolt,,,,,,,,,,vikavolt-standard-holiday-attire-male,Standard,Holiday Attire,male,false,true,false,false,false,false,,bug;electric
vikavolt,,,,,,,,,,vikavolt-standard-holiday-attire-female,Standard,Holiday Attire,female,false,true,false,false,false,false,,bug;electric
pikachu,,,,,,,,,,pikachu-standard-hilbert-s-hat-male,Standard,Hilbert's hat,male,false,true,false,false,false,false,,electric
pikachu,,,,,,,,,,pikachu-standard-hilbert-s-hat-female,Standard,Hilbert's hat,female,false,true,false,false,false,false,,electric
pikachu,,,,,,,,,,pikachu-standard-hilda-s-hat-male,Standard,Hilda's hat,male,false,true,false,false,false,false,,electric
pikachu,,,,,,,,,,pikachu-standard-hilda-s-hat-female,Standard,Hilda's hat,female,false,true,false,false,false,false,,electric
pikachu,,,,,,,,,,pikachu-standard-nate-s-visor-male,Standard,Nate's visor,male,false,true,false,false,false,false,,electric
pikachu,,,,,,,,,,pikachu-standard-nate-s-visor-female,Standard,Nate's visor,female,false,true,false,false,false,false,,electric
pikachu,,,,,,,,,,pikachu-standard-rosa-s-visor-male,Standard,Rosa's visor,male,false,true,false,false,false,false,,electric
pikachu,,,,,,,,,,pikachu-standard-rosa-s-visor-female,Standard,Rosa's visor,female,false,true,false,false,false,false,,electric
pikachu,,,,,,,,,,pikachu-standard-kurta-male,Standard,Kurta,male,false,true,false,false,false,false,,electric
pikachu,,,,,,,,,,pikachu-standard-kurta-female,Standard,Kurta,female,false,true,false,false,false,false,,electric
floragato,,,,,,,,,,floragato-standard-hat-with-liko-s-pin-male,Standard,Hat with Liko's pin,male,false,true,false,false,false,false,,grass
floragato,,,,,,,,,,floragato-standard-hat-with-liko-s-pin-female,Standard,Hat with Liko's pin,female,false,true,false,false,false,false,,grass
nidoqueen,,,,,,,,,,nidoqueen-standard-crown-female,Standard,Crown,female,false,true,false,false,false,false,,poison;ground
nidoking,,,,,,,,,,nidoking-standard-crown-male,Standard,Crown,male,false,true,false,false,false,false,,poison;ground
pikachu,,,,,,,,,,pikachu-standard-formal-pikachu-with-red-accents-male,Standard,Formal Pikachu with red accents,male,false,true,false,false,false,false,,electric
pikachu,,,,,,,,,,pikachu-standard-formal-pikachu-with-red-accents-female,Standard,Formal Pikachu with red accents,female,false,true,false,false,false,false,,electric
pikachu,,,,,,,,,,pikachu-standard-formal-pikachu-with-blue-accents-male,Standard,Formal Pikachu with blue accents,male,false,true,false,false,false,false,,electric
pikachu,,,,,,,,,,pikachu-standard-formal-pikachu-with-blue-accents-female,Standard,Formal Pikachu with blue accents,female,false,true,false,false,false,false,,electric
pikachu,,,,,,,,,,pikachu-standard-formal-pikachu-with-yellow-accents-male,Standard,Formal Pikachu with yellow accents,male,false,true,false,false,false,false,,electric
pikachu,,,,,,,,,,pikachu-standard-formal-pikachu-with-yellow-accents-female,Standard,Formal Pikachu with yellow accents,female,false,true,false,false,false,false,,electric
falinks,,,,,,,,,,falinks-standard-falinks-in-train-ing-unknown,Standard,Falinks in train-ing,unknown,false,true,false,false,false,false,,fighting
pikachu,,,,,,,,,,pikachu-standard-dapper-pikachu-with-red-accents-male,Standard,Dapper Pikachu with red accents,male,false,true,false,false,false,false,,electric
pikachu,,,,,,,,,,pikachu-standard-dapper-pikachu-with-red-accents-female,Standard,Dapper Pikachu with red accents,female,false,true,false,false,false,false,,electric
pikachu,,,,,,,,,,pikachu-standard-dapper-pikachu-with-blue-accents-male,Standard,Dapper Pikachu with blue accents,male,false,true,false,false,false,false,,electric
pikachu,,,,,,,,,,pikachu-standard-dapper-pikachu-with-blue-accents-female,Standard,Dapper Pikachu with blue accents,female,false,true,false,false,false,false,,electric
pikachu,,,,,,,,,,pikachu-standard-dapper-pikachu-with-yellow-accents-male,Standard,Dapper Pikachu with yellow accents,male,false,true,false,false,false,false,,electric
pikachu,,,,,,,,,,pikachu-standard-dapper-pikachu-with-yellow-accents-female,Standard,Dapper Pikachu with yellow accents,female,false,true,false,false,false,false,,electric
gimmighoul,,,,,,,,,,gimmighoul-standard-9th-anniversary-coin-unknown,Standard,9th Anniversary Coin,unknown,false,true,false,false,false,false,,ghost
pikachu,,,,,,,,,,pikachu-standard-indonesia-football-jersey-male,Standard,Indonesia Football Jersey,male,false,true,false,false,false,false,,electric
pikachu,,,,,,,,,,pikachu-standard-indonesia-football-jersey-female,Standard,Indonesia Football Jersey,female,false,true,false,false,false,false,,electric
pikachu,,,,,,,,,,pikachu-standard-varsity-jacket-male,Standard,Varsity Jacket,male,false,true,false,false,false,false,,electric
pikachu,,,,,,,,,,pikachu-standard-varsity-jacket-female,Standard,Varsity Jacket,female,false,true,false,false,false,false,,electric
psyduck,,,,,,,,,,psyduck-standard-swim-ring-male,Standard,Swim Ring,male,false,true,false,false,false,false,,water
psyduck,,,,,,,,,,psyduck-standard-swim-ring-female,Standard,Swim Ring,female,false,true,false,false,false,false,,water
noibat,,,,,,,,,,noibat-standard-headband-male,Standard,Headband,male,true,true,false,false,false,false,,flying;dragon
noibat,,,,,,,,,,noibat-standard-headband-female,Standard,Headband,female,true,true,false,false,false,false,,flying;dragon
noivern,,,,,,,,,,noivern-standard-headband-male,Standard,Headband,male,false,true,false,false,false,false,,flying;dragon
noivern,,,,,,,,,,noivern-standard-headband-female,Standard,Headband,female,false,true,false,false,false,false,,flying;dragon
bewear,,,,,,,,,,bewear-standard-wilderness-cape-male,Standard,Wilderness Cape,male,false,true,false,false,false,false,,normal;fighting
bewear,,,,,,,,,,bewear-standard-wilderness-cape-female,Standard,Wilderness Cape,female,false,true,false,false,false,false,,normal;fighting
pikachu,,,,,,,,,,pikachu-standard-calem-s-hat-male,Standard,Calem's hat,male,false,true,false,false,false,false,,electric
pikachu,,,,,,,,,,pikachu-standard-calem-s-hat-female,Standard,Calem's hat,female,false,true,false,false,false,false,,electric
pikachu,,,,,,,,,,pikachu-standard-serena-s-hat-male,Standard,Serena's hat,male,false,true,false,false,false,false,,electric
pikachu,,,,,,,,,,pikachu-standard-serena-s-hat-female,Standard,Serena's hat,female,false,true,false,false,false,false,,electric
pikachu,,,,,,,,,,pikachu-standard-red-s-hat-male,Standard,Red's hat,male,false,true,false,false,false,false,,electric
pikachu,,,,,,,,,,pikachu-standard-red-s-hat-female,Standard,Red's hat,female,false,true,false,false,false,false,,electric
pikachu,,,,,,,,,,pikachu-standard-leaf-s-hat-male,Standard,Leaf's hat,male,false,true,false,false,false,false,,electric
pikachu,,,,,,,,,,pikachu-standard-leaf-s-hat-female,Standard,Leaf's hat,female,false,true,false,false,false,false,,electric
pikachu,,,,,,,,,,pikachu-standard-ethan-s-hat-male,Standard,Ethan's hat,male,false,true,false,false,false,false,,electric
pikachu,,,,,,,,,,pikachu-standard-ethan-s-hat-female,Standard,Ethan's hat,female,false,true,false,false,false,false,,electric
pikachu,,,,,,,,,,pikachu-standard-lyra-s-hat-male,Standard,Lyra's hat,male,false,true,false,false,false,false,,electric
pikachu,,,,,,,,,,pikachu-standard-lyra-s-hat-female,Standard,Lyra's hat,female,false,true,false,false,false,false,,electric
ditto,,,,,,,,,,ditto-standard-pokopia-hat-unknown,Standard,Pokopia Hat,unknown,false,true,false,false,false,false,,normal
ditto,,,,,,,,,,ditto-standard-pokopia-cap-unknown,Standard,Pokopia Cap,unknown,false,true,false,false,false,false,,normal
pikachu,,,,,,,,,,pikachu-standard-baseball-shirt-male,Standard,Baseball Shirt,male,false,true,false,false,false,false,,electric
pikachu,,,,,,,,,,pikachu-standard-baseball-shirt-female,Standard,Baseball Shirt,female,false,true,false,false,false,false,,electric
corsola,,,,,,,,,,corsola-standard-pink-sunglasses-male,Standard,Pink Sunglasses,male,false,true,false,false,false,false,,water;rock
corsola,,,,,,,,,,corsola-standard-pink-sunglasses-female,Standard,Pink Sunglasses,female,false,true,false,false,false,false,,water;rock
pikachu,,,,,,,,,,pikachu-standard-pikachu-wearing-a-marathon-visor-male,Standard,Pikachu wearing a Marathon Visor,male,false,true,false,false,false,false,,electric
pikachu,,,,,,,,,,pikachu-standard-pikachu-wearing-a-marathon-visor-female,Standard,Pikachu wearing a Marathon Visor,female,false,true,false,false,false,false,,electric
pikachu,,,,,,,,,,pikachu-standard-excavator-pikachu-male,Standard,Excavator Pikachu,male,false,true,false,false,false,false,,electric
pikachu,,,,,,,,,,pikachu-standard-excavator-pikachu-female,Standard,Excavator Pikachu,female,false,true,false,false,false,false,,electric
caterpie,,,,,,,,,,caterpie-standard-caterpie-wearing-a-poke-ball-hat-male,Standard,Caterpie wearing a Poké Ball Hat,male,false,true,false,false,false,false,,bug
caterpie,,,,,,,,,,caterpie-standard-caterpie-wearing-a-poke-ball-hat-female,Standard,Caterpie wearing a Poké Ball Hat,female,false,true,false,false,false,false,,bug
pikachu,,,,,,,,,,pikachu-standard-pikachu-wearing-a-team-mystic-hat-male,Standard,Pikachu wearing a Team Mystic hat,male,false,true,false,false,false,false,,electric
pikachu,,,,,,,,,,pikachu-standard-pikachu-wearing-a-team-mystic-hat-female,Standard,Pikachu wearing a Team Mystic hat,female,false,true,false,false,false,false,,electric
pikachu,,,,,,,,,,pikachu-standard-pikachu-wearing-a-team-instinct-hat-male,Standard,Pikachu wearing a Team Instinct hat,male,false,true,false,false,false,false,,electric
pikachu,,,,,,,,,,pikachu-standard-pikachu-wearing-a-team-instinct-hat-female,Standard,Pikachu wearing a Team Instinct hat,female,false,true,false,false,false,false,,electric
pikachu,,,,,,,,,,pikachu-standard-pikachu-wearing-a-team-valor-hat-male,Standard,Pikachu wearing a Team Valor hat,male,false,true,false,false,false,false,,electric
pikachu,,,,,,,,,,pikachu-standard-pikachu-wearing-a-team-valor-hat-female,Standard,Pikachu wearing a Team Valor hat,female,false,true,false,false,false,false,,electric
gimmighoul,,,,,,,,,,gimmighoul-standard-10th-anniversary-coin-unknown,Standard,10th Anniversary Coin,unknown,false,true,false,false,false,false,,ghost
pikachu,,,,,,,,,,pikachu-standard-professor-willow-s-assistant-male,Standard,Professor Willow's Assistant,male,false,true,false,false,false,false,,electric
pikachu,,,,,,,,,,pikachu-standard-professor-willow-s-assistant-female,Standard,Professor Willow's Assistant,female,false,true,false,false,false,false,,electric
